StockCode,Description,Product_group
85123A,WHITE HANGING HEART T-LIGHT HOLDER,Candles
71053,WHITE METAL LANTERN,Home Decor
84406B,CREAM CUPID HEARTS COAT HANGER,Bath & Beauty
84029G,KNITTED UNION FLAG HOT WATER BOTTLE,Kitchen & Dining
84029E,RED WOOLLY HOTTIE WHITE HEART.,Bath & Beauty
22752,SET 7 BABUSHKA NESTING BOXES,Home Decor
21730,GLASS STAR FROSTED T-LIGHT HOLDER,Candles
22633,HAND WARMER UNION JACK,Gifts
22632,HAND WARMER RED POLKA DOT,Gifts
84879,ASSORTED COLOUR BIRD ORNAMENT,Home Decor
22745,POPPY'S PLAYHOUSE BEDROOM ,Toys & Kids
22748,POPPY'S PLAYHOUSE KITCHEN,Toys & Kids
22749,FELTCRAFT PRINCESS CHARLOTTE DOLL,Toys & Kids
22310,IVORY KNITTED MUG COSY ,Kitchen & Dining
84969,BOX OF 6 ASSORTED COLOUR TEASPOONS,Storage & Organization
22623,BOX OF VINTAGE JIGSAW BLOCKS ,Storage & Organization
22622,BOX OF VINTAGE ALPHABET BLOCKS,Storage & Organization
21754,HOME BUILDING BLOCK WORD,Home Decor
21755,LOVE BUILDING BLOCK WORD,Home Decor
21777,RECIPE BOX WITH METAL HEART,Storage & Organization
48187,DOORMAT NEW ENGLAND,Home Decor
22960,JAM MAKING SET WITH JARS,Kitchen & Dining
22913,RED COAT RACK PARIS FASHION,Home Decor
22912,YELLOW COAT RACK PARIS FASHION,Home Decor
22914,BLUE COAT RACK PARIS FASHION,Home Decor
21756,BATH BUILDING BLOCK WORD,Bath & Beauty
22728,ALARM CLOCK BAKELIKE PINK,Home Decor
22727,ALARM CLOCK BAKELIKE RED ,Home Decor
22726,ALARM CLOCK BAKELIKE GREEN,Home Decor
21724,PANDA AND BUNNIES STICKER SHEET,Stationery & Craft
21883,STARS GIFT TAPE ,Stationery & Craft
10002,INFLATABLE POLITICAL GLOBE ,Toys & Kids
21791,VINTAGE HEADS AND TAILS CARD GAME ,Stationery & Craft
21035,SET/2 RED RETROSPOT TEA TOWELS ,Kitchen & Dining
22326,ROUND SNACK BOXES SET OF4 WOODLAND ,Kitchen & Dining
22629,SPACEBOY LUNCH BOX ,Storage & Organization
22659,LUNCH BOX I LOVE LONDON,Storage & Organization
22631,CIRCUS PARADE LUNCH BOX ,Storage & Organization
22661,CHARLOTTE BAG DOLLY GIRL DESIGN,Fashion & Accessories
21731,RED TOADSTOOL LED NIGHT LIGHT,Lighting & Electrical
22900, SET 2 TEA TOWELS I LOVE LONDON ,Kitchen & Dining
21913,VINTAGE SEASIDE JIGSAW PUZZLES,Toys & Kids
22540,MINI JIGSAW CIRCUS PARADE ,Toys & Kids
22544,MINI JIGSAW SPACEBOY,Toys & Kids
22492,MINI PAINT SET VINTAGE ,Toys & Kids
POST,POSTAGE,Other
22086,PAPER CHAIN KIT 50'S CHRISTMAS ,Seasonal & Party
20679,EDWARDIAN PARASOL RED,Outdoor
37370,RETRO COFFEE MUGS ASSORTED,Kitchen & Dining
21871,SAVE THE PLANET MUG,Kitchen & Dining
21071,VINTAGE BILLBOARD DRINK ME MUG,Kitchen & Dining
21068,VINTAGE BILLBOARD LOVE/HATE MUG,Kitchen & Dining
82483,WOOD 2 DRAWER CABINET WHITE FINISH,Storage & Organization
82486,WOOD S/3 CABINET ANT WHITE FINISH,Storage & Organization
82482,WOODEN PICTURE FRAME WHITE FINISH,Home Decor
82494L,WOODEN FRAME ANTIQUE WHITE ,Home Decor
21258,VICTORIAN SEWING BOX LARGE,Storage & Organization
22114,HOT WATER BOTTLE TEA AND SYMPATHY,Kitchen & Dining
21733,RED HANGING HEART T-LIGHT HOLDER,Candles
22386,JUMBO BAG PINK POLKADOT,Fashion & Accessories
85099C,JUMBO  BAG BAROQUE BLACK WHITE,Fashion & Accessories
21033,JUMBO BAG CHARLIE AND LOLA TOYS,Fashion & Accessories
20723,STRAWBERRY CHARLOTTE BAG,Fashion & Accessories
84997B,RED 3 PIECE RETROSPOT CUTLERY SET,Kitchen & Dining
84997C,BLUE 3 PIECE POLKADOT CUTLERY SET,Kitchen & Dining
21094,SET/6 RED SPOTTY PAPER PLATES,Stationery & Craft
20725,LUNCH BAG RED RETROSPOT,Fashion & Accessories
21559,STRAWBERRY LUNCH BOX WITH CUTLERY,Kitchen & Dining
22352,LUNCH BOX WITH CUTLERY RETROSPOT ,Kitchen & Dining
21212,PACK OF 72 RETROSPOT CAKE CASES,Kitchen & Dining
21975,PACK OF 60 DINOSAUR CAKE CASES,Kitchen & Dining
21977,PACK OF 60 PINK PAISLEY CAKE CASES,Kitchen & Dining
84991,60 TEATIME FAIRY CAKE CASES,Kitchen & Dining
84519A,TOMATO CHARLIE+LOLA COASTER SET,Kitchen & Dining
85183B,CHARLIE & LOLA WASTEPAPER BIN FLORA,Home Decor
85071B,RED CHARLIE+LOLA PERSONAL DOORSIGN,Home Decor
21931,JUMBO STORAGE BAG SUKI,Fashion & Accessories
21929,JUMBO BAG PINK VINTAGE PAISLEY,Fashion & Accessories
22961,JAM MAKING SET PRINTED,Kitchen & Dining
22139,RETROSPOT TEA SET CERAMIC 11 PC ,Kitchen & Dining
84854,GIRLY PINK TOOL SET,Kitchen & Dining
22411,JUMBO SHOPPER VINTAGE RED PAISLEY,Kitchen & Dining
82567,"AIRLINE LOUNGE,METAL SIGN",Home Decor
21672,WHITE SPOT RED CERAMIC DRAWER KNOB,Storage & Organization
22774,RED DRAWER KNOB ACRYLIC EDWARDIAN,Storage & Organization
22771,CLEAR DRAWER KNOB ACRYLIC EDWARDIAN,Storage & Organization
71270,PHOTO CLIP LINE,Home Decor
22262,FELT EGG COSY CHICKEN,Kitchen & Dining
22637,PIGGY BANK RETROSPOT ,Home Decor
21934,SKULL SHOULDER BAG,Fashion & Accessories
21169,YOU'RE CONFUSING ME METAL SIGN ,Home Decor
21166,COOK WITH WINE METAL SIGN ,Home Decor
21175,GIN + TONIC DIET METAL SIGN,Home Decor
37444A,YELLOW BREAKFAST CUP AND SAUCER,Kitchen & Dining
37444C,PINK BREAKFAST CUP AND SAUCER ,Kitchen & Dining
22083,PAPER CHAIN KIT RETROSPOT,Stationery & Craft
84971S,SMALL HEART FLOWERS HOOK ,Storage & Organization
47580,TEA TIME DES TEA COSY,Kitchen & Dining
22261,FELT EGG COSY WHITE RABBIT ,Kitchen & Dining
84832,ZINC WILLIE WINKIE  CANDLE STICK,Home Decor
22644,CERAMIC CHERRY CAKE MONEY BANK,Kitchen & Dining
21533,RETROSPOT LARGE MILK JUG,Kitchen & Dining
21557,SET OF 6 FUNKY BEAKERS,Kitchen & Dining
15056BL,EDWARDIAN PARASOL BLACK,Outdoor
15056N,EDWARDIAN PARASOL NATURAL,Outdoor
22646,CERAMIC STRAWBERRY CAKE MONEY BANK,Kitchen & Dining
22176,BLUE OWL SOFT TOY,Toys & Kids
22438,BALLOON ART MAKE YOUR OWN FLOWERS,Seasonal & Party
22778,GLASS CLOCHE SMALL,Kitchen & Dining
22719,GUMBALL MONOCHROME COAT RACK,Home Decor
21523,DOORMAT FANCY FONT HOME SWEET HOME,Home Decor
21912,VINTAGE SNAKES & LADDERS,Toys & Kids
21832,CHOCOLATE CALCULATOR,Toys & Kids
22379,RECYCLING BAG RETROSPOT ,Fashion & Accessories
22381,TOY TIDY PINK POLKADOT,Toys & Kids
22798,ANTIQUE GLASS DRESSING TABLE POT,Kitchen & Dining
22926,IVORY GIANT GARDEN THERMOMETER,Garden & Outdoor
22839,3 TIER CAKE TIN GREEN AND CREAM,Kitchen & Dining
22838,3 TIER CAKE TIN RED AND CREAM,Kitchen & Dining
22783,SET 3 WICKER OVAL BASKETS W LIDS,Home Decor
82484,WOOD BLACK BOARD ANT WHITE FINISH,Kitchen & Dining
84755,COLOUR GLASS T-LIGHT HOLDER HANGING,Candles
22464,HANGING METAL HEART LANTERN,Home Decor
21324,HANGING MEDINA LANTERN SMALL,Home Decor
22457,NATURAL SLATE HEART CHALKBOARD ,Home Decor
22469,HEART OF WICKER SMALL,Home Decor
22470,HEART OF WICKER LARGE,Home Decor
22224,WHITE LOVEBIRD LANTERN,Home Decor
21340,CLASSIC METAL BIRDCAGE PLANT HOLDER,Home Decor
22189,CREAM HEART CARD HOLDER,Home Decor
22427,ENAMEL FLOWER JUG CREAM,Kitchen & Dining
22428,ENAMEL FIRE BUCKET CREAM,Bath & Beauty
22424,ENAMEL BREAD BIN CREAM,Bath & Beauty
22663,JUMBO BAG DOLLY GIRL DESIGN,Fashion & Accessories
85049A,TRADITIONAL CHRISTMAS RIBBONS,Seasonal & Party
22168,ORGANISER WOOD ANTIQUE WHITE ,Stationery & Craft
22662,LUNCH BAG DOLLY GIRL DESIGN,Fashion & Accessories
84880,WHITE WIRE EGG HOLDER,Home Decor
85099B,JUMBO BAG RED RETROSPOT,Fashion & Accessories
79321,CHILLI LIGHTS,Lighting & Electrical
22780,LIGHT GARLAND BUTTERFILES PINK,Lighting & Electrical
22779,WOODEN OWLS LIGHT GARLAND ,Toys & Kids
22466,FAIRY TALE COTTAGE NIGHTLIGHT,Lighting & Electrical
21363,HOME SMALL WOOD LETTERS,Home Decor
21411,GINGHAM HEART  DOORSTOP RED,Home Decor
22318,FIVE HEART HANGING DECORATION,Home Decor
22915,ASSORTED BOTTLE TOP  MAGNETS ,Kitchen & Dining
22922,FRIDGE MAGNETS US DINER ASSORTED,Home Decor
22969,HOMEMADE JAM SCENTED CANDLES,Home Decor
22923,FRIDGE MAGNETS LES ENFANTS ASSORTED,Home Decor
21115,ROSE CARAVAN DOORSTOP,Home Decor
22242,5 HOOK HANGER MAGIC TOADSTOOL,Storage & Organization
22941,CHRISTMAS LIGHTS 10 REINDEER,Seasonal & Party
21622,VINTAGE UNION JACK CUSHION COVER,Home Decor
35004C,SET OF 3 COLOURED  FLYING DUCKS,Home Decor
35004G,SET OF 3 GOLD FLYING DUCKS,Home Decor
85014B,RED RETROSPOT UMBRELLA,Fashion & Accessories
85014A,BLACK/BLUE POLKADOT UMBRELLA,Fashion & Accessories
22193,RED DINER WALL CLOCK,Home Decor
22192,BLUE DINER WALL CLOCK,Home Decor
22191,IVORY DINER WALL CLOCK,Home Decor
22195,LARGE HEART MEASURING SPOONS,Kitchen & Dining
22196,SMALL HEART MEASURING SPOONS,Kitchen & Dining
22962,JAM JAR WITH PINK LID,Kitchen & Dining
22963,JAM JAR WITH GREEN LID,Kitchen & Dining
22968,ROSE COTTAGE KEEPSAKE BOX ,Storage & Organization
84970S,HANGING HEART ZINC T-LIGHT HOLDER,Candles
22910,PAPER CHAIN KIT VINTAGE CHRISTMAS,Seasonal & Party
20668,DISCO BALL CHRISTMAS DECORATION,Seasonal & Party
22197,SMALL POPCORN HOLDER,Home Decor
22198,LARGE POPCORN HOLDER ,Home Decor
21080,SET/20 RED RETROSPOT PAPER NAPKINS ,Stationery & Craft
21086,SET/6 RED SPOTTY PAPER CUPS,Stationery & Craft
21786,POLKADOT RAIN HAT ,Fashion & Accessories
22654,DELUXE SEWING KIT ,Stationery & Craft
21485,RETROSPOT HEART HOT WATER BOTTLE,Kitchen & Dining
84030E,ENGLISH ROSE HOT WATER BOTTLE,Kitchen & Dining
22174,PHOTO CUBE,Home Decor
22150,3 STRIPEY MICE FELTCRAFT,Stationery & Craft
22619,SET OF 6 SOLDIER SKITTLES,Home Decor
21891,TRADITIONAL WOODEN SKIPPING ROPE,Toys & Kids
21889,WOODEN BOX OF DOMINOES,Toys & Kids
22827,RUSTIC  SEVENTEEN DRAWER SIDEBOARD,Storage & Organization
22127,PARTY CONES CARNIVAL ASSORTED,Seasonal & Party
22128,PARTY CONES CANDY ASSORTED,Seasonal & Party
22502,PICNIC BASKET WICKER SMALL,Garden & Outdoor
22338,STAR DECORATION PAINTED ZINC ,Kitchen & Dining
22180,RETROSPOT LAMP,Lighting & Electrical
21506,"FANCY FONT BIRTHDAY CARD, ",Stationery & Craft
22866,HAND WARMER SCOTTY DOG DESIGN,Outdoor
22865,HAND WARMER OWL DESIGN,Outdoor
22632,HAND WARMER RED RETROSPOT,Outdoor
22349,DOG BOWL CHASING BALL DESIGN,Kitchen & Dining
22558,CLOTHES PEGS RETROSPOT PACK 24 ,Kitchen & Dining
85152,HAND OVER THE CHOCOLATE   SIGN ,Home Decor
22652,TRAVEL SEWING KIT,Stationery & Craft
22188,BLACK HEART CARD HOLDER,Home Decor
21484,CHICK GREY HOT WATER BOTTLE,Kitchen & Dining
21314,SMALL GLASS HEART TRINKET POT,Kitchen & Dining
22730,ALARM CLOCK BAKELIKE IVORY,Home Decor
22729,ALARM CLOCK BAKELIKE ORANGE,Home Decor
22867,HAND WARMER BIRD DESIGN,Garden & Outdoor
22803,IVORY EMBROIDERED QUILT ,Bed Linen
35004B,SET OF 3 BLACK FLYING DUCKS,Home Decor
21980,PACK OF 12 RED RETROSPOT TISSUES ,Stationery & Craft
21844,RED RETROSPOT MUG,Kitchen & Dining
22468,BABUSHKA LIGHTS STRING OF 10,Home Decor
48185,DOORMAT FAIRY CAKE,Kitchen & Dining
21232,STRAWBERRY CERAMIC TRINKET BOX,Storage & Organization
22064,PINK DOUGHNUT TRINKET POT ,Home Decor
22449,SILK PURSE BABUSHKA PINK,Fashion & Accessories
22835,HOT WATER BOTTLE I AM SO POORLY,Kitchen & Dining
22112,CHOCOLATE HOT WATER BOTTLE,Kitchen & Dining
21479,WHITE SKULL HOT WATER BOTTLE ,Kitchen & Dining
22111,SCOTTIE DOG HOT WATER BOTTLE,Kitchen & Dining
22110,BIRD HOUSE HOT WATER BOTTLE,Kitchen & Dining
22098,BOUDOIR SQUARE TISSUE BOX,Storage & Organization
22100,SKULLS SQUARE TISSUE BOX,Storage & Organization
22766,PHOTO FRAME CORNICE,Home Decor
22451,SILK PURSE BABUSHKA RED,Fashion & Accessories
22549,PICTURE DOMINOES,Toys & Kids
84744,S/6 SEW ON CROCHET FLOWERS,Stationery & Craft
85049E,SCANDINAVIAN REDS RIBBONS,Stationery & Craft
21328,BALLOONS  WRITING SET ,Stationery & Craft
17091A,LAVENDER INCENSE IN TIN,Kitchen & Dining
22473,TV DINNER TRAY VINTAGE PAISLEY,Kitchen & Dining
84509A,SET OF 4 ENGLISH ROSE PLACEMATS,Kitchen & Dining
84510A,SET OF 4 ENGLISH ROSE COASTERS,Home Decor
22767,TRIPLE PHOTO FRAME CORNICE ,Home Decor
22768,FAMILY PHOTO FRAME CORNICE,Home Decor
21463,MIRRORED DISCO BALL ,Home Decor
21464,DISCO BALL ROTATOR BATTERY OPERATED,Lighting & Electrical
20820,SILVER LOOKING MIRROR,Home Decor
85150,LADIES & GENTLEMEN METAL SIGN,Home Decor
22117,METAL SIGN HER DINNER IS SERVED ,Home Decor
48129,DOORMAT TOPIARY,Home Decor
82580,BATHROOM METAL SIGN,Home Decor
82578,KITCHEN METAL SIGN,Home Decor
82581,TOILET METAL SIGN,Home Decor
22413,METAL SIGN TAKE IT OR LEAVE IT ,Home Decor
21907,I'M ON HOLIDAY METAL SIGN,Home Decor
22441,GROW YOUR OWN BASIL IN ENAMEL MUG,Kitchen & Dining
21122,SET/10 PINK POLKADOT PARTY CANDLES,Seasonal & Party
22851,SET 20 NAPKINS FAIRY CAKES DESIGN ,Lighting & Electrical
22810,SET OF 6 T-LIGHTS SNOWMEN,Seasonal & Party
22809,SET OF 6 T-LIGHTS SANTA,Seasonal & Party
22435,SET OF 9 HEART SHAPED BALLOONS,Home Decor
20966,SANDWICH BATH SPONGE,Bath & Beauty
20963,APPLE BATH SPONGE,Bath & Beauty
20961,STRAWBERRY BATH SPONGE ,Bath & Beauty
22068,BLACK PIRATE TREASURE CHEST,Toys & Kids
21743,STAR PORTABLE TABLE LIGHT ,Lighting & Electrical
21744,SNOWFLAKE PORTABLE TABLE LIGHT ,Lighting & Electrical
84709B,PINK OVAL JEWELLED MIRROR,Home Decor
21592,RETROSPOT CIGAR BOX MATCHES ,Storage & Organization
21587,COSY HOUR GIANT TUBE MATCHES,Home Decor
20992,JAZZ HEARTS PURSE NOTEBOOK,Stationery & Craft
22804,CANDLEHOLDER PINK HANGING HEART,Candles
20749,ASSORTED COLOUR MINI CASES,Kitchen & Dining
22382,LUNCH BAG SPACEBOY DESIGN ,Fashion & Accessories
20726,LUNCH BAG WOODLAND,Fashion & Accessories
22384,LUNCH BAG PINK POLKADOT,Fashion & Accessories
22467,GUMBALL COAT RACK,Home Decor
84625C,BLUE NEW BAROQUE CANDLESTICK CANDLE,Home Decor
84625A,PINK NEW BAROQUECANDLESTICK CANDLE,Home Decor
21108,FAIRY CAKE FLANNEL ASSORTED COLOUR,Kitchen & Dining
22848,BREAD BIN DINER STYLE PINK,Home Decor
47570B,TEA TIME TABLE CLOTH,Home Decor
22837,HOT WATER BOTTLE BABUSHKA ,Kitchen & Dining
22297,HEART IVORY TRELLIS SMALL,Home Decor
22772,PINK DRAWER KNOB ACRYLIC EDWARDIAN,Storage & Organization
22773,GREEN DRAWER KNOB ACRYLIC EDWARDIAN,Storage & Organization
22805,BLUE DRAWER KNOB ACRYLIC EDWARDIAN,Storage & Organization
21125,SET 6 FOOTBALL CELEBRATION CANDLES,Candles
21126,SET OF 6 GIRLS CELEBRATION CANDLES,Candles
85049C,ROMANTIC PINKS RIBBONS ,Toys & Kids
85049D,BRIGHT BLUES RIBBONS ,Toys & Kids
85049G,CHOCOLATE BOX RIBBONS ,Storage & Organization
21061,PARTY INVITES FOOTBALL,Seasonal & Party
21063,PARTY INVITES JAZZ HEARTS,Seasonal & Party
21062,PARTY INVITES SPACEMAN,Seasonal & Party
84380,SET OF 3 BUTTERFLY COOKIE CUTTERS,Kitchen & Dining
84378,SET OF 3 HEART COOKIE CUTTERS,Kitchen & Dining
22964,3 PIECE SPACEBOY COOKIE CUTTER SET,Kitchen & Dining
21213,PACK OF 72 SKULL CAKE CASES,Kitchen & Dining
22417,PACK OF 60 SPACEBOY CAKE CASES,Kitchen & Dining
84992,72 SWEETHEART FAIRY CAKE CASES,Kitchen & Dining
22383,LUNCH BAG SUKI  DESIGN ,Fashion & Accessories
20728,LUNCH BAG CARS BLUE,Fashion & Accessories
20727,LUNCH BAG  BLACK SKULL.,Fashion & Accessories
22296,HEART IVORY TRELLIS LARGE,Garden & Outdoor
20914,SET/5 RED RETROSPOT LID GLASS BOWLS,Kitchen & Dining
22537,MAGIC DRAWING SLATE DINOSAUR,Toys & Kids
22533,MAGIC DRAWING SLATE BAKE A CAKE ,Kitchen & Dining
20982,12 PENCILS TALL TUBE SKULLS,Toys & Kids
21915,RED  HARMONICA IN BOX ,Toys & Kids
21914,BLUE HARMONICA IN BOX ,Toys & Kids
21544,SKULLS  WATER TRANSFER TATTOOS ,Toys & Kids
22813,PACK 3 BOXES BIRD PANNETONE ,Garden & Outdoor
84375,SET OF 20 KIDS COOKIE CUTTERS,Kitchen & Dining
22418,10 COLOUR SPACEBOY PEN,Stationery & Craft
22178,VICTORIAN GLASS HANGING T-LIGHT,Candles
84970L,SINGLE HEART ZINC T-LIGHT HOLDER,Candles
22465,HANGING METAL STAR LANTERN,Home Decor
84949,SILVER HANGING T-LIGHT HOLDER,Candles
20685,DOORMAT RED RETROSPOT,Home Decor
48194,DOORMAT HEARTS,Home Decor
22488,NATURAL SLATE RECTANGLE CHALKBOARD,Home Decor
22219,LOVEBIRD HANGING DECORATION WHITE ,Home Decor
22610,PENS ASSORTED FUNNY FACE,Toys & Kids
22716,CARD CIRCUS PARADE,Stationery & Craft
22706,WRAP COWBOYS  ,Stationery & Craft
22371,AIRLINE BAG VINTAGE TOKYO 78,Fashion & Accessories
21210,SET OF 72 RETROSPOT PAPER  DOILIES,Stationery & Craft
22553,PLASTERS IN TIN SKULLS,Kitchen & Dining
16237,SLEEPING CAT ERASERS,Stationery & Craft
22714,CARD BIRTHDAY COWBOY,Stationery & Craft
22812,PACK 3 BOXES CHRISTMAS PANNETONE,Seasonal & Party
84347,ROTATING SILVER ANGELS T-LIGHT HLDR,Seasonal & Party
22736,RIBBON REEL MAKING SNOWMEN ,Stationery & Craft
22620,4 TRADITIONAL SPINNING TOPS,Toys & Kids
21705,BAG 500g SWIRLY MARBLES,Fashion & Accessories
90199C,5 STRAND GLASS NECKLACE CRYSTAL,Kitchen & Dining
22785,SQUARECUSHION COVER PINK UNION FLAG,Toys & Kids
22975,SPACEBOY CHILDRENS EGG CUP,Kitchen & Dining
22972,CHILDREN'S SPACEBOY MUG,Kitchen & Dining
22568,FELTCRAFT CUSHION OWL,Home Decor
85116,BLACK CANDELABRA T-LIGHT HOLDER,Candles
22664,TOY TIDY DOLLY GIRL DESIGN,Toys & Kids
21609,SET 12 LAVENDER  BOTANICAL T-LIGHTS,Candles
21866,UNION JACK FLAG LUGGAGE TAG,Fashion & Accessories
20669,RED HEART LUGGAGE TAG,Fashion & Accessories
90129F,RED GLASS TASSLE BAG CHARM,Kitchen & Dining
90210B,CLEAR ACRYLIC FACETED BANGLE,Fashion & Accessories
21955,DOORMAT UNION JACK GUNS AND ROSES,Home Decor
72802C,VANILLA SCENT CANDLE JEWELLED BOX,Home Decor
22109,FULL ENGLISH BREAKFAST PLATE,Kitchen & Dining
22531,MAGIC DRAWING SLATE CIRCUS PARADE  ,Home Decor
21811,CHRISTMAS HANGING HEART WITH BELL,Seasonal & Party
22183,CAKE STAND VICTORIAN FILIGREE MED,Kitchen & Dining
21678,PAISLEY PATTERN  STICKERS,Stationery & Craft
21676,FLOWERS  STICKERS,Stationery & Craft
85169B,BLACK LOVE BIRD CANDLE,Home Decor
16238,PARTY TIME PENCIL ERASERS,Stationery & Craft
84906,PINK B'FLY C/COVER W BOBBLES,Toys & Kids
21867,PINK UNION JACK  LUGGAGE TAG,Fashion & Accessories
22075,6 RIBBONS ELEGANT CHRISTMAS ,Seasonal & Party
21326,AGED GLASS SILVER T-LIGHT HOLDER,Home Decor
21065,BOOM BOX SPEAKER GIRLS,Storage & Organization
22074,6 RIBBONS SHIMMERING PINKS ,Toys & Kids
20713,JUMBO BAG OWLS,Fashion & Accessories
21116,OWL DOORSTOP,Home Decor
21824,PAINTED METAL STAR WITH HOLLY BELLS,Home Decor
21823,PAINTED METAL HEART WITH HOLLY BELL,Home Decor
22153,ANGEL DECORATION STARS ON DRESS,Seasonal & Party
85099F,JUMBO BAG STRAWBERRY,Fashion & Accessories
20717,STRAWBERRY SHOPPER BAG,Fashion & Accessories
22328,ROUND SNACK BOXES SET OF 4 FRUITS ,Kitchen & Dining
22327,ROUND SNACK BOXES SET OF 4 SKULLS,Kitchen & Dining
22630,DOLLY GIRL LUNCH BOX,Storage & Organization
21245,GREEN POLKADOT PLATE ,Kitchen & Dining
21244,BLUE POLKADOT PLATE ,Kitchen & Dining
21242,RED RETROSPOT PLATE ,Kitchen & Dining
21243,PINK  POLKADOT PLATE ,Kitchen & Dining
22273,FELTCRAFT DOLL MOLLY,Toys & Kids
22940,FELTCRAFT CHRISTMAS FAIRY,Seasonal & Party
22759,SET OF 3 NOTEBOOKS IN PARCEL,Stationery & Craft
21880,RED RETROSPOT TAPE,Stationery & Craft
21738,COSY SLIPPER SHOES SMALL  RED ,Fashion & Accessories
22077,6 RIBBONS RUSTIC CHARM,Toys & Kids
21448,12 DAISY PEGS IN WOOD BOX,Storage & Organization
22243,5 HOOK HANGER RED MAGIC TOADSTOOL,Storage & Organization
22141,CHRISTMAS CRAFT TREE TOP ANGEL,Seasonal & Party
22144,CHRISTMAS CRAFT LITTLE FRIENDS,Seasonal & Party
21739,COSY SLIPPER SHOES SMALL GREEN,Fashion & Accessories
22271,FELTCRAFT DOLL ROSIE,Toys & Kids
22274,FELTCRAFT DOLL EMILY,Toys & Kids
22751,FELTCRAFT PRINCESS OLIVIA DOLL,Toys & Kids
21034,REX CASH+CARRY JUMBO SHOPPER,Home Decor
22570,FELTCRAFT CUSHION RABBIT,Home Decor
22569,FELTCRAFT CUSHION BUTTERFLY,Home Decor
22902,TOTE BAG I LOVE LONDON,Fashion & Accessories
21710,FOLDING UMBRELLA PINKWHITE POLKADOT,Fashion & Accessories
21708,FOLDING UMBRELLA CREAM POLKADOT,Fashion & Accessories
21711,FOLDING UMBRELLA WHITE/RED POLKADOT,Fashion & Accessories
22179,SET 10 LIGHTS NIGHT OWL,Lighting & Electrical
21706,FOLDING UMBRELLA RED/WHITE POLKADOT,Fashion & Accessories
85184C,S/4 VALENTINE DECOUPAGE HEART BOX,Seasonal & Party
22988,SOLDIERS EGG CUP ,Kitchen & Dining
20750,RED RETROSPOT MINI CASES,Kitchen & Dining
22952,60 CAKE CASES VINTAGE CHRISTMAS,Seasonal & Party
22739,RIBBON REEL CHRISTMAS SOCK BAUBLE,Seasonal & Party
22738,RIBBON REEL SNOWY VILLAGE,Stationery & Craft
22909,SET OF 20 VINTAGE CHRISTMAS NAPKINS,Seasonal & Party
35591T,TURQUOISE CHRISTMAS TREE ,Seasonal & Party
22186,RED STAR CARD HOLDER,Home Decor
22695,WICKER WREATH SMALL,Home Decor
22580,ADVENT CALENDAR GINGHAM SACK,Stationery & Craft
22147,FELTCRAFT BUTTERFLY HEARTS,Stationery & Craft
22130,PARTY CONE CHRISTMAS DECORATION ,Seasonal & Party
22694,WICKER STAR ,Home Decor
21790,VINTAGE SNAP CARDS,Stationery & Craft
22149,FELTCRAFT 6 FLOWER FRIENDS,Garden & Outdoor
22321,BIRD DECORATION RED RETROSPOT,Garden & Outdoor
22594,CHRISTMAS GINGHAM TREE,Seasonal & Party
22593,CHRISTMAS GINGHAM STAR,Seasonal & Party
22595,CHRISTMAS GINGHAM HEART,Seasonal & Party
21986,PACK OF 12 PINK POLKADOT TISSUES,Stationery & Craft
22750,FELTCRAFT PRINCESS LOLA DOLL,Toys & Kids
22616,PACK OF 12 LONDON TISSUES ,Stationery & Craft
22775,PURPLE DRAWERKNOB ACRYLIC EDWARDIAN,Home Decor
22899,CHILDREN'S APRON DOLLY GIRL ,Toys & Kids
22367,CHILDRENS APRON SPACEBOY DESIGN,Toys & Kids
22942,CHRISTMAS LIGHTS 10 SANTAS ,Seasonal & Party
21976,PACK OF 60 MUSHROOM CAKE CASES,Kitchen & Dining
22951,60 CAKE CASES DOLLY GIRL DESIGN,Kitchen & Dining
22834,HAND WARMER BABUSHKA DESIGN,Outdoor gifts
21916,SET 12 RETRO WHITE CHALK STICKS,Home Decor
22587,FELTCRAFT HAIRBAND RED AND BLUE,Stationery & Craft
22566,FELTCRAFT HAIRBAND PINK AND PURPLE,Stationery & Craft
22565,FELTCRAFT HAIRBANDS PINK AND WHITE ,Stationery & Craft
22472,TV DINNER TRAY DOLLY GIRL,Kitchen & Dining
22557,PLASTERS IN TIN VINTAGE PAISLEY ,Kitchen & Dining
22551,PLASTERS IN TIN SPACEBOY,Kitchen & Dining
22554,PLASTERS IN TIN WOODLAND ANIMALS,Kitchen & Dining
22534,MAGIC DRAWING SLATE SPACEBOY ,Home Decor
22529,MAGIC DRAWING SLATE GO TO THE FAIR ,Home Decor
22530,MAGIC DRAWING SLATE DOLLY GIRL ,Home Decor
84032B,CHARLIE + LOLA RED HOT WATER BOTTLE,Kitchen & Dining
85049H,URBAN BLACK RIBBONS ,Stationery & Craft
22807,SET OF 6 T-LIGHTS TOADSTOOLS,Candles
21494,ROTATING LEAVES T-LIGHT HOLDER,Home Decor
22938,CUPCAKE LACE PAPER SET 6,Stationery & Craft
21892,TRADITIONAL WOODEN CATCH CUP GAME ,Kitchen & Dining
21890,S/6 WOODEN SKITTLES IN COTTON BAG,Toys & Kids
21718,RED METAL BEACH SPADE ,Seasonal & Party
21716,BOYS VINTAGE TIN SEASIDE BUCKET,Kitchen & Dining
21715,GIRLS VINTAGE TIN SEASIDE BUCKET,Kitchen & Dining
22113,GREY HEART HOT WATER BOTTLE,Kitchen & Dining
22358,KINGS CHOICE TEA CADDY ,Kitchen & Dining
22357,KINGS CHOICE BISCUIT TIN,Kitchen & Dining
22115,METAL SIGN EMPIRE TEA,Home Decor
21481,FAWN BLUE HOT WATER BOTTLE,Kitchen & Dining
22585,PACK OF 6 BIRDY GIFT TAGS,Stationery & Craft
21556,CERAMIC STRAWBERRY MONEY BOX,Storage & Organization
22645,CERAMIC HEART FAIRY CAKE MONEY BANK,Kitchen & Dining
22650,CERAMIC PIRATE CHEST MONEY BANK,Toys & Kids
22508,DOORSTOP RETROSPOT HEART,Home Decor
22511,RETROSPOT BABUSHKA DOORSTOP,Home Decor
22829,SWEETHEART WIRE WALL TIDY,Storage & Organization
21154,RED RETROSPOT OVEN GLOVE ,Home Decor
17021,NAMASTE SWAGAT INCENSE,Home Decor
22059,CERAMIC STRAWBERRY DESIGN MUG,Kitchen & Dining
84678,CLASSICAL ROSE SMALL VASE,Home Decor
85172,HYACINTH BULB T-LIGHT CANDLES,Lighting & Electrical
22142,CHRISTMAS CRAFT WHITE FAIRY ,Seasonal & Party
21591,COSY HOUR CIGAR BOX MATCHES ,Storage & Organization
22480,RED TEA TOWEL CLASSIC DESIGN,Bath & Beauty
22294,HEART FILIGREE DOVE  SMALL,Home Decor
21156,RETROSPOT CHILDRENS APRON,Toys & Kids
10133,COLOURING PENCILS BROWN TUBE,Stationery & Craft
72800E,4 IVORY DINNER CANDLES SILVER FLOCK,Candles
84836,ZINC METAL HEART DECORATION,Home Decor
20774,GREEN FERN NOTEBOOK,Stationery & Craft
20773,BLUE PAISLEY NOTEBOOK,Stationery & Craft
20777,CHRYSANTHEMUM NOTEBOOK,Stationery & Craft
16016,LARGE CHINESE STYLE SCISSOR,Stationery & Craft
16014,SMALL CHINESE STYLE SCISSOR,Stationery & Craft
21651,HANGING GLASS ETCHED TEALIGHT,Home Decor
22618,COOKING SET RETROSPOT,Kitchen & Dining
21586,KINGS CHOICE GIANT TUBE MATCHES,Kitchen & Dining
22152,PLACE SETTING WHITE STAR,Kitchen & Dining
84754,S/15 SILVER GLASS BAUBLES IN BAG,Kitchen & Dining
22670,FRENCH WC SIGN BLUE METAL,Home Decor
84849B,FAIRY SOAP SOAP HOLDER,Home Decor
22927,GREEN GIANT GARDEN THERMOMETER,Garden & Outdoor
22925,BLUE GIANT GARDEN THERMOMETER,Garden & Outdoor
21259,VICTORIAN SEWING BOX SMALL ,Storage & Organization
21257,VICTORIAN SEWING BOX MEDIUM,Storage & Organization
21121,SET/10 RED POLKADOT PARTY CANDLES,Seasonal & Party
82552,WASHROOM METAL SIGN,Home Decor
90200B,BLACK SWEETHEART BRACELET,Fashion & Accessories
90059B,DIAMANTE HAIR GRIP PACK/2 BLACK DIA,Fashion & Accessories
90185C,BLACK DIAMANTE EXPANDABLE RING,Fashion & Accessories
90059E,DIAMANTE HAIR GRIP PACK/2 RUBY,Fashion & Accessories
90059C,DIAMANTE HAIR GRIP PACK/2 MONTANA,Fashion & Accessories
90200C,BLUE SWEETHEART BRACELET,Fashion & Accessories
90200D,PINK SWEETHEART BRACELET,Fashion & Accessories
90200A,PURPLE SWEETHEART BRACELET,Fashion & Accessories
22737,RIBBON REEL CHRISTMAS PRESENT ,Seasonal & Party
21260,FIRST AID TIN,Kitchen & Dining
22744,MAKE YOUR OWN MONSOON CARD KIT,Stationery & Craft
21985,PACK OF 12 HEARTS DESIGN TISSUES ,Stationery & Craft
22295,HEART FILIGREE DOVE LARGE,Home Decor
16258A,SWIRLY CIRCULAR RUBBERS IN BAG,Fashion & Accessories
21992,VINTAGE PAISLEY STATIONERY SET,Stationery & Craft
21124,SET/10 BLUE POLKADOT PARTY CANDLES,Seasonal & Party
22735,RIBBON REEL SOCKS AND MITTENS,Stationery & Craft
22945,CHRISTMAS METAL TAGS ASSORTED ,Seasonal & Party
21816,CHRISTMAS TREE T-LIGHT HOLDER,Seasonal & Party
21815,STAR  T-LIGHT HOLDER ,Seasonal & Party
21814,HEART T-LIGHT HOLDER ,Candles
10125,MINI FUNKY DESIGN TAPES,Stationery & Craft
22573,STAR WOODEN CHRISTMAS DECORATION,Seasonal & Party
22577,WOODEN HEART CHRISTMAS SCANDINAVIAN,Seasonal & Party
22603,CHRISTMAS RETROSPOT TREE WOOD,Seasonal & Party
20878,SET/9 CHRISTMAS T-LIGHTS SCENTED ,Seasonal & Party
20866,BLUE ROSE FABRIC MIRROR,Home Decor
85095,THREE CANVAS LUGGAGE TAGS,Home Decor
22333,RETROSPOT PARTY BAG + STICKER SET,Stationery & Craft
21584,RETROSPOT SMALL TUBE MATCHES,Kitchen & Dining
22731,3D CHRISTMAS STAMPS STICKERS ,Seasonal & Party
22956,36 FOIL HEART CAKE CASES,Kitchen & Dining
22582,PACK OF 6 SWEETIE GIFT BOXES,Stationery & Craft
85231B,CINAMMON SET OF 9 T-LIGHTS,Candles
85231G,ORANGE SCENTED SET/9 T-LIGHTS,Candles
22082,RIBBON REEL STRIPES DESIGN ,Stationery & Craft
22500,SET OF 2 TINS JARDIN DE PROVENCE,Home Decor
22742,MAKE YOUR OWN PLAYTIME CARD KIT,Stationery & Craft
21329,DINOSAURS  WRITING SET ,Stationery & Craft
21327,SKULLS WRITING SET ,Stationery & Craft
48173C,DOORMAT BLACK FLOCK ,Home Decor
72818,CHRISTMAS DECOUPAGE CANDLE,Seasonal & Party
22312,OFFICE MUG WARMER POLKADOT,Kitchen & Dining
21137,BLACK RECORD COVER FRAME,Home Decor
22041,"RECORD FRAME 7"" SINGLE SIZE ",Home Decor
20979,36 PENCILS TUBE RED RETROSPOT,Home Decor
20977,36 PENCILS TUBE WOODLAND,Home Decor
22571,ROCKING HORSE RED CHRISTMAS ,Seasonal & Party
22423,REGENCY CAKESTAND 3 TIER,Home Decor
21621,VINTAGE UNION JACK BUNTING,Home Decor
47563A,RETRO LONGBOARD IRONING BOARD COVER,Kitchen & Dining
84558A,3D DOG PICTURE PLAYING CARDS,Home Decor
21577,SAVE THE PLANET COTTON TOTE BAG,Fashion & Accessories
22087,PAPER BUNTING WHITE LACE,Stationery & Craft
22651,GENTLEMAN SHIRT REPAIR KIT ,Home Decor
22713,CARD I LOVE LONDON ,Stationery & Craft
21370,MIRRORED WALL ART FOXY,Home Decor
21367,MIRRORED WALL ART GENTS,Home Decor
22376,AIRLINE BAG VINTAGE JET SET WHITE,Fashion & Accessories
21895,POTTING SHED SOW 'N' GROW SET,Home Decor
22372,AIRLINE BAG VINTAGE WORLD CHAMPION ,Fashion & Accessories
21190,PINK HEARTS PAPER GARLAND,Stationery & Craft
21894,POTTING SHED SEED ENVELOPES,Garden & Outdoor
70007,HI TEC ALPINE HAND WARMER,Home Decor
46000M,POLYESTER FILLER PAD 45x45cm,Home Decor
22712,CARD DOLLY GIRL ,Stationery & Craft
22983,CARD BILLBOARD FONT,Stationery & Craft
22024,RAINY LADIES BIRTHDAY CARD,Stationery & Craft
21488,RED WHITE SCARF  HOT WATER BOTTLE,Kitchen & Dining
22895,SET OF 2 TEA TOWELS APPLE AND PEARS,Home Decor
22784,LANTERN CREAM GAZEBO ,Home Decor
21441,BLUE BIRDHOUSE DECORATION,Home Decor
84947,ANTIQUE SILVER TEA GLASS ENGRAVED,Kitchen & Dining
22485,SET OF 2 WOODEN MARKET CRATES,Toys & Kids
21794,CLASSIC FRENCH STYLE BASKET NATURAL,Storage & Organization
20707,CRAZY DAISY HEART DECORATION,Home Decor
22588,CARD HOLDER GINGHAM HEART,Home Decor
21292,SMALL STRIPES CHOCOLATE GIFT BAG ,Fashion & Accessories
22760,"TRAY, BREAKFAST IN BED",Kitchen & Dining
22107,PIZZA PLATE IN BOX,Kitchen & Dining
21486,PINK HEART DOTS HOT WATER BOTTLE,Kitchen & Dining
22151,PLACE SETTING WHITE HEART,Kitchen & Dining
22643,SET OF 4 NAPKIN CHARMS LEAVES   ,Kitchen & Dining
22642,SET OF 4 NAPKIN CHARMS STARS   ,Kitchen & Dining
22604,SET OF 4 NAPKIN CHARMS CUTLERY,Kitchen & Dining
22099,CARAVAN SQUARE TISSUE BOX,Storage & Organization
22653,BUTTON BOX ,Stationery & Craft
22906,12 MESSAGE CARDS WITH ENVELOPES,Home Decor
22754,SMALL RED BABUSHKA NOTEBOOK ,Stationery & Craft
22919,HERB MARKER MINT,Home Decor
22917,HERB MARKER ROSEMARY,Home Decor
22920,HERB MARKER BASIL,Home Decor
22921,HERB MARKER CHIVES ,Home Decor
22918,HERB MARKER PARSLEY,Home Decor
22916,HERB MARKER THYME,Home Decor
22575,METAL MERRY CHRISTMAS WREATH,Seasonal & Party
21804,WHITE CHRISTMAS GARLAND STARS TREES,Seasonal & Party
21588,RETROSPOT GIANT TUBE MATCHES,Home Decor
22955,36 FOIL STAR CAKE CASES ,Kitchen & Dining
22583,PACK OF 6 HANDBAG GIFT BOXES,Home Decor
22241,GARLAND WOODEN HAPPY EASTER,Seasonal & Party
22904,CALENDAR PAPER CUT DESIGN,Stationery & Craft
22905,CALENDAR IN SEASON DESIGN,Stationery & Craft
22092,BLUE PAISLEY TISSUE BOX,Storage & Organization
22096,PINK PAISLEY SQUARE TISSUE BOX ,Storage & Organization
21358,TOAST ITS - HAPPY BIRTHDAY,Seasonal & Party
21123,SET/10 IVORY POLKADOT PARTY CANDLES,Seasonal & Party
21427,SKULLS STORAGE BOX SMALL,Storage & Organization
21930,JUMBO STORAGE BAG SKULLS,Fashion & Accessories
20772,GARDEN PATH JOURNAL,Stationery & Craft
71406C,BLACK ORANGE SQUEEZER,Home Decor
84985A,SET OF 72 GREEN PAPER DOILIES,Stationery & Craft
20754,RETROSPOT RED WASHING UP GLOVES,Fashion & Accessories
84596E,SMALL LICORICE DES PINK BOWL,Kitchen & Dining
21111,"SWISS ROLL TOWEL, CHOCOLATE  SPOTS",Bath & Beauty
22501,PICNIC BASKET WICKER LARGE,Garden & Outdoor
22854,CREAM SWEETHEART EGG HOLDER,Home Decor
84997D,PINK 3 PIECE POLKADOT CUTLERY SET,Kitchen & Dining
47599A,PINK PARTY BAGS,Seasonal & Party
47599B,BLUE PARTY BAGS ,Seasonal & Party
20972,PINK CREAM FELT CRAFT TRINKET BOX ,Stationery & Craft
21041,RED RETROSPOT OVEN GLOVE DOUBLE,Home Decor
21664,RIDGED GLASS STORAGE JAR CREAM LID,Kitchen & Dining
22907,PACK OF 20 NAPKINS PANTRY DESIGN,Kitchen & Dining
22776,SWEETHEART CAKESTAND 3 TIER,Kitchen & Dining
21810,CHRISTMAS HANGING STAR WITH BELL,Seasonal & Party
21197,MULTICOLOUR  CONFETTI IN TUBE,Seasonal & Party
85035B,CHOCOLATE 3 WICK MORRIS BOX CANDLE,Home Decor
84968C,SET OF 16 VINTAGE PISTACHIO CUTLERY,Kitchen & Dining
21098,CHRISTMAS TOILET ROLL,Seasonal & Party
21192,WHITE BELL HONEYCOMB PAPER ,Stationery & Craft
72800B, 4 PURPLE FLOCK DINNER CANDLES,Home Decor
84563A,PINK & WHITE BREAKFAST TRAY,Kitchen & Dining
47504H,ENGLISH ROSE SPIRIT LEVEL ,Home Decor
21742,LARGE ROUND WICKER PLATTER ,Home Decor
22481,BLACK TEA TOWEL CLASSIC DESIGN,Bath & Beauty
22943,CHRISTMAS LIGHTS 10 VINTAGE BAUBLES,Seasonal & Party
22699,ROSES REGENCY TEACUP AND SAUCER ,Home Decor
22217,T-LIGHT HOLDER HANGING LACE,Candles
22227,HANGING HEART MIRROR DECORATION ,Home Decor
21106,CREAM SLICE FLANNEL CHOCOLATE SPOT ,Bath & Beauty
21107,CREAM SLICE FLANNEL PINK SPOT ,Bath & Beauty
22697,GREEN REGENCY TEACUP AND SAUCER,Kitchen & Dining
21826,EIGHT PIECE DINOSAUR SET,Toys & Kids
22548,HEADS AND TAILS SPORTING FUN,Toys & Kids
17164B,ASS COL SMALL SAND GECKO P'WEIGHT,Stationery & Craft
22429,ENAMEL MEASURING JUG CREAM,Kitchen & Dining
20974,12 PENCILS SMALL TUBE SKULL,Home Decor
20973,12 PENCIL SMALL TUBE WOODLAND,Stationery & Craft
15044B,BLUE PAPER PARASOL ,Stationery & Craft
21135,VICTORIAN  METAL POSTCARD SPRING,Stationery & Craft
22173,METAL 4 HOOK HANGER FRENCH CHATEAU,Storage & Organization
22626,BLACK KITCHEN SCALES,Home Decor
22625,RED KITCHEN SCALES,Home Decor
22624,IVORY KITCHEN SCALES,Home Decor
84945,MULTI COLOUR SILVER T-LIGHT HOLDER,Candles
22244,3 HOOK HANGER MAGIC GARDEN,Garden & Outdoor
47421,ASSORTED COLOUR LIZARD SUCTION HOOK,Storage & Organization
20712,JUMBO BAG WOODLAND ANIMALS,Fashion & Accessories
22973,CHILDREN'S CIRCUS PARADE MUG,Kitchen & Dining
84569B,PACK 3 FIRE ENGINE/CAR PATCHES,Home Decor
22815,CARD PSYCHEDELIC APPLES,Stationery & Craft
85114B,IVORY ENCHANTED FOREST PLACEMAT,Kitchen & Dining
22584,PACK OF 6 PANNETONE GIFT BOXES,Home Decor
22454,MEASURING TAPE BABUSHKA RED,Stationery & Craft
85114C,RED ENCHANTED FOREST PLACEMAT,Kitchen & Dining
22974,CHILDRENS DOLLY GIRL MUG,Kitchen & Dining
21452,TOADSTOOL MONEY BOX,Storage & Organization
22743,MAKE YOUR OWN FLOWERPOWER CARD KIT,Stationery & Craft
22911,PAPER CHAIN KIT LONDON,Stationery & Craft
22453,MEASURING TAPE BABUSHKA BLUE,Stationery & Craft
22445,PENCIL CASE LIFE IS BEAUTIFUL,Stationery & Craft
22607,WOODEN ROUNDERS GARDEN SET ,Toys & Kids
22635,CHILDS BREAKFAST SET DOLLY GIRL ,Home Decor
22634,CHILDS BREAKFAST SET SPACEBOY ,Home Decor
22222,CAKE PLATE LOVEBIRD WHITE,Kitchen & Dining
22947,WOODEN ADVENT CALENDAR RED,Stationery & Craft
22187,GREEN CHRISTMAS TREE CARD HOLDER,Seasonal & Party
22164,STRING OF STARS CARD HOLDER,Home Decor
72598,SET/12 TAPER CANDLES,Home Decor
22627,MINT KITCHEN SCALES,Home Decor
22487,WHITE WOOD GARDEN PLANT LADDER,Garden & Outdoor
22360,GLASS JAR ENGLISH CONFECTIONERY,Kitchen & Dining
22364,GLASS JAR DIGESTIVE BISCUITS,Kitchen & Dining
21657,MILK BOTTLE WITH GLASS STOPPER ,Kitchen & Dining
22120,WELCOME  WOODEN BLOCK LETTERS,Toys & Kids
21038,SET/4 MODERN VINTAGE COTTON NAPKINS,Home Decor
21625,VINTAGE UNION JACK APRON,Home Decor
22097,SWALLOW SQUARE TISSUE BOX,Storage & Organization
21179,NO JUNK MAIL METAL SIGN,Home Decor
22185,SLATE TILE NATURAL HANGING,Home Decor
21662,VINTAGE GLASS COFFEE CADDY,Kitchen & Dining
85104,SILVER GLASS T-LIGHT SET,Candles
21654,RIDGED GLASS FINGER BOWL,Kitchen & Dining
21658,GLASS  BEURRE DISH,Kitchen & Dining
21519,GIN & TONIC DIET GREETING CARD ,Stationery & Craft
22819,"BIRTHDAY CARD, RETRO SPOT",Stationery & Craft
22704,WRAP RED APPLES ,Stationery & Craft
21498,RED RETROSPOT WRAP ,Stationery & Craft
22049,WRAP CHRISTMAS SCREEN PRINT,Seasonal & Party
21497,FANCY FONTS BIRTHDAY WRAP,Stationery & Craft
21333,CLASSIC WHITE FRAME,Home Decor
22194,BLACK DINER WALL CLOCK,Home Decor
22688,DOORMAT PEACE ON EARTH BLUE,Home Decor
84692,BOX OF 24 COCKTAIL PARASOLS,Storage & Organization
22444,GROW YOUR OWN PLANT IN A CAN ,Garden & Outdoor
22556,PLASTERS IN TIN CIRCUS PARADE ,Kitchen & Dining
22555,PLASTERS IN TIN STRONGMAN,Kitchen & Dining
22547,MINI JIGSAW DINOSAUR ,Home Decor
22543,MINI JIGSAW BAKE A CAKE ,Kitchen & Dining
22539,MINI JIGSAW DOLLY GIRL,Home Decor
22561,WOODEN SCHOOL COLOURING SET,Toys & Kids
22489,PACK OF 12 TRADITIONAL CRAYONS,Home Decor
22814,CARD PARTY GAMES ,Stationery & Craft
21520,BOOZE & WOMEN GREETING CARD ,Stationery & Craft
21982,PACK OF 12 SUKI TISSUES ,Home Decor
21981,PACK OF 12 WOODLAND TISSUES ,Home Decor
21967,PACK OF 12 SKULL TISSUES,Home Decor
21983,PACK OF 12 BLUE PAISLEY TISSUES ,Home Decor
22615,PACK OF 12 CIRCUS PARADE TISSUES ,Home Decor
22614,PACK OF 12 SPACEBOY TISSUES,Home Decor
22095,LADS ONLY TISSUE BOX,Storage & Organization
22094,RED RETROSPOT TISSUE BOX,Storage & Organization
21984,PACK OF 12 PINK PAISLEY TISSUES ,Home Decor
22966,GINGERBREAD MAN COOKIE CUTTER,Home Decor
21874,GIN AND TONIC MUG,Kitchen & Dining
21873,IF YOU CAN'T STAND THE HEAT MUG,Kitchen & Dining
21870,I CAN ONLY PLEASE ONE PERSON MUG,Kitchen & Dining
84050,PINK HEART SHAPE EGG FRYING PAN,Home Decor
22315,200 RED + WHITE BENDY STRAWS,Home Decor
22667,RECIPE BOX RETROSPOT ,Storage & Organization
22666,RECIPE BOX PANTRY YELLOW DESIGN,Storage & Organization
22665,RECIPE BOX BLUE SKETCHBOOK DESIGN,Storage & Organization
22567,20 DOLLY PEGS RETROSPOT,Home Decor
82600,NO SINGING METAL SIGN,Home Decor
22842,BISCUIT TIN VINTAGE RED,Kitchen & Dining
22494,EMERGENCY FIRST AID TIN ,Kitchen & Dining
22740,POLKADOT PEN,Stationery & Craft
22825,DECORATIVE PLANT POT WITH FRIEZE,Garden & Outdoor
22680,FRENCH BLUE METAL DOOR SIGN 5,Home Decor
22797,CHEST OF DRAWERS GINGHAM HEART ,Home Decor
21843,RED RETROSPOT CAKE STAND,Kitchen & Dining
22118,JOY WOODEN BLOCK LETTERS,Toys & Kids
22121,NOEL WOODEN BLOCK LETTERS ,Toys & Kids
22119,PEACE WOODEN BLOCK LETTERS,Toys & Kids
22311,OFFICE MUG WARMER BLACK+SILVER ,Kitchen & Dining
72817,SET OF 2 CHRISTMAS DECOUPAGE CANDLE,Seasonal & Party
22277,COSMETIC BAG VINTAGE ROSE PAISLEY,Fashion & Accessories
20867,PINK ROSE FABRIC MIRROR,Home Decor
21688,SILVER PLATE CANDLE BOWL SMALL,Home Decor
21694,SMALL REGAL  SILVER CANDLEPOT ,Home Decor
22800,ANTIQUE TALL SWIRLGLASS TRINKET POT,Home Decor
22801,ANTIQUE GLASS PEDESTAL BOWL,Kitchen & Dining
22781,GUMBALL MAGAZINE RACK,Home Decor
21466,RED FLOWER CROCHET FOOD COVER,Garden & Outdoor
21467,CHERRY CROCHET FOOD COVER,Home Decor
21471,STRAWBERRY RAFFIA FOOD COVER,Home Decor
21469,POLKA DOT RAFFIA FOOD COVER,Home Decor
21524,DOORMAT SPOTTY HOME SWEET HOME,Home Decor
22791,T-LIGHT GLASS FLUTED ANTIQUE,Candles
21690,SILVER  CANDLEPOT JARDIN ,Home Decor
37343,POLKADOT MUG PINK ,Kitchen & Dining
22088,PAPER BUNTING COLOURED LACE,Stationery & Craft
21143,ANTIQUE GLASS HEART DECORATION ,Kitchen & Dining
84944,SET OF 6 KASHMIR FOLKART BAUBLES,Home Decor
22601,CHRISTMAS RETROSPOT ANGEL WOOD,Seasonal & Party
22600,CHRISTMAS RETROSPOT STAR WOOD,Seasonal & Party
22574,HEART WOODEN CHRISTMAS DECORATION,Seasonal & Party
85199L,LARGE HANGING IVORY & RED WOOD BIRD,Garden & Outdoor
85199S,SMALL HANGING IVORY/RED WOOD BIRD,Garden & Outdoor
72741,GRAND CHOCOLATECANDLE,Home Decor
37495,FAIRY CAKE BIRTHDAY CANDLE SET,Home Decor
22171,3 HOOK PHOTO SHELF ANTIQUE WHITE,Storage & Organization
85067,CREAM SWEETHEART WALL CABINET,Bath & Beauty
48184,DOORMAT ENGLISH ROSE ,Home Decor
48138,DOORMAT UNION FLAG,Home Decor
85019A,ROMANTIC IMAGES NOTEBOOK SET,Stationery & Craft
85019C,CURIOUS  IMAGES NOTEBOOK SET,Stationery & Craft
20902,VINTAGE KEEPSAKE BOX PARIS DAYS,Storage & Organization
21429,RED GINGHAM ROSE JEWELLERY BOX,Storage & Organization
85071A,BLUE CHARLIE+LOLA PERSONAL DOORSIGN,Home Decor
85071C,"CHARLIE+LOLA""EXTREMELY BUSY"" SIGN",Home Decor
22355,CHARLOTTE BAG SUKI DESIGN,Fashion & Accessories
21579,LOLITA  DESIGN  COTTON TOTE BAG,Fashion & Accessories
21576,LETS GO SHOPPING COTTON TOTE BAG,Fashion & Accessories
22493,PAINT YOUR OWN CANVAS SET,Home Decor
21833,CAMOUFLAGE LED TORCH,Lighting & Electrical
85135B,BLUE DRAGONFLY HELICOPTER,Home Decor
85136A,YELLOW SHARK HELICOPTER,Home Decor
85136C,RED SHARK HELICOPTER,Home Decor
21055,TOOL BOX SOFT TOY ,Toys & Kids
21056,DOCTOR'S BAG SOFT TOY,Toys & Kids
C2,CARRIAGE,Home Decor
21928,JUMBO BAG SCANDINAVIAN PAISLEY,Fashion & Accessories
20711,JUMBO BAG TOYS ,Fashion & Accessories
21773,DECORATIVE ROSE BATHROOM BOTTLE,Kitchen & Dining
21774,DECORATIVE CATS BATHROOM BOTTLE,Kitchen & Dining
21787,RAIN PONCHO RETROSPOT,Home Decor
21801,CHRISTMAS TREE DECORATION WITH BELL,Seasonal & Party
21802,CHRISTMAS TREE HEART DECORATION,Seasonal & Party
21803,CHRISTMAS TREE STAR DECORATION,Seasonal & Party
21809,CHRISTMAS HANGING TREE WITH BELL,Seasonal & Party
21821,GLITTER STAR GARLAND WITH BELLS ,Home Decor
21822,GLITTER CHRISTMAS TREE WITH BELLS,Seasonal & Party
21851,LILAC DIAMANTE PEN IN GIFT BOX,Stationery & Craft
21879,HEARTS GIFT TAPE,Stationery & Craft
21884,CAKES AND BOWS GIFT  TAPE,Stationery & Craft
21888,BINGO SET,Home Decor
21911,GARDEN METAL SIGN ,Home Decor
21922,UNION STRIPE WITH FRINGE  HAMMOCK,Home Decor
21935,SUKI  SHOULDER BAG,Fashion & Accessories
21942,SKULLS DESIGN FLANNEL,Home Decor
21944,KITTENS DESIGN FLANNEL,Home Decor
21949,SET OF 6 STRAWBERRY CHOPSTICKS,Home Decor
21990,MODERN FLORAL STATIONERY SET,Home Decor
21991,BOHEMIAN COLLAGE STATIONERY SET,Home Decor
21993,FLORAL FOLK STATIONERY SET,Home Decor
22037,ROBOT BIRTHDAY CARD,Stationery & Craft
22043,CHRISTMAS CARD SCREEN PRINT ,Seasonal & Party
22065,CHRISTMAS PUDDING TRINKET POT ,Seasonal & Party
22067,CHOC TRUFFLE GOLD TRINKET POT ,Home Decor
22069,BROWN  PIRATE TREASURE CHEST ,Home Decor
22071,SMALL WHITE RETROSPOT MUG IN BOX ,Kitchen & Dining
22076,6 RIBBONS EMPIRE  ,Home Decor
22080,RIBBON REEL POLKADOTS ,Stationery & Craft
22081,RIBBON REEL FLORA + FAUNA ,Stationery & Craft
22090,PAPER BUNTING RETROSPOT,Stationery & Craft
22134,LADLE LOVE HEART RED ,Home Decor
22135,LADLE LOVE HEART PINK,Home Decor
22154,ANGEL DECORATION 3 BUTTONS ,Seasonal & Party
22155,STAR DECORATION RUSTIC,Home Decor
22156,HEART DECORATION WITH PEARLS ,Home Decor
22161,HEART DECORATION RUSTIC HANGING ,Home Decor
22162,HEART GARLAND RUSTIC PADDED,Home Decor
22169,FAMILY ALBUM WHITE PICTURE FRAME,Home Decor
22182,CAKE STAND VICTORIAN FILIGREE SMALL,Kitchen & Dining
22190,LOCAL CAFE MUG,Kitchen & Dining
22203,MILK PAN RED RETROSPOT,Home Decor
22207,FRYING PAN UNION FLAG,Home Decor
22265,EASTER DECORATION NATURAL CHICK,Seasonal & Party
22276,WASH BAG VINTAGE ROSE PAISLEY,Fashion & Accessories
22299,PIG KEYRING WITH LIGHT & SOUND ,Fashion & Accessories
22300,COFFEE MUG DOG + BALL DESIGN,Kitchen & Dining
22301,COFFEE MUG CAT + BIRD DESIGN,Kitchen & Dining
22309,TEA COSY RED  STRIPE,Home Decor
22314,OFFICE MUG WARMER CHOC+BLUE,Kitchen & Dining
22335,HEART DECORATION PAINTED ZINC ,Home Decor
22336,DOVE DECORATION PAINTED ZINC ,Home Decor
22345,PARTY PIZZA DISH BLUE POLKADOT,Seasonal & Party
22348,TEA BAG PLATE RED RETROSPOT,Kitchen & Dining
22356,CHARLOTTE BAG PINK POLKADOT,Fashion & Accessories
22359,GLASS JAR KINGS CHOICE,Kitchen & Dining
22361,GLASS JAR DAISY FRESH COTTON WOOL,Kitchen & Dining
22375,AIRLINE BAG VINTAGE JET SET BROWN,Fashion & Accessories
22378,WALL TIDY RETROSPOT ,Storage & Organization
22380,TOY TIDY SPACEBOY  ,Toys & Kids
22394,PAPERWEIGHT KINGS CHOICE ,Home Decor
22396,MAGNETS PACK OF 4 RETRO PHOTO,Home Decor
22419,LIPSTICK PEN RED,Stationery & Craft
22422,TOOTHPASTE TUBE PEN,Stationery & Craft
22430,ENAMEL WATERING CAN CREAM,Bath & Beauty
22432,WATERING CAN PINK BUNNY,Garden & Outdoor
22437,SET OF 9 BLACK SKULL BALLOONS,Home Decor
22471,TV DINNER TRAY AIR HOSTESS ,Kitchen & Dining
22476,EMPIRE UNION JACK TV DINNER TRAY,Kitchen & Dining
22477,WATERING CAN GARDEN MARKER,Garden & Outdoor
22478,BIRDHOUSE GARDEN MARKER ,Garden & Outdoor
22479,DAISY GARDEN MARKER,Garden & Outdoor
22497,SET OF 2 TINS VINTAGE BATHROOM ,Home Decor
22515,CHILDS GARDEN SPADE PINK,Garden & Outdoor
22517,CHILDS GARDEN RAKE PINK,Garden & Outdoor
22519,CHILDS GARDEN BRUSH PINK,Garden & Outdoor
22545,MINI JIGSAW BUNNIES,Home Decor
22550,HOLIDAY FUN LUDO,Home Decor
22560,TRADITIONAL MODELLING CLAY,Home Decor
22589,CARDHOLDER GINGHAM STAR,Home Decor
22605,WOODEN CROQUET GARDEN SET,Toys & Kids
22639,SET OF 4 NAPKIN CHARMS HEARTS,Kitchen & Dining
22669,RED BABY BUNTING ,Home Decor
22675,FRENCH KITCHEN SIGN BLUE METAL,Home Decor
22734,SET OF 6 RIBBONS VINTAGE CHRISTMAS,Seasonal & Party
22741,FUNKY DIVA PEN,Stationery & Craft
22755,SMALL PURPLE BABUSHKA NOTEBOOK ,Stationery & Craft
22757,LARGE RED BABUSHKA NOTEBOOK ,Stationery & Craft
22758,LARGE PURPLE BABUSHKA NOTEBOOK  ,Stationery & Craft
22769,CHALKBOARD KITCHEN ORGANISER,Stationery & Craft
22792,FLUTED ANTIQUE CANDLE HOLDER,Home Decor
22816,CARD MOTORBIKE SANTA,Stationery & Craft
22818,CARD CHRISTMAS VILLAGE,Seasonal & Party
22822,CREAM WALL PLANTER HEART SHAPED,Bath & Beauty
22844,VINTAGE CREAM DOG FOOD CONTAINER,Bath & Beauty
22847,BREAD BIN DINER STYLE IVORY,Home Decor
22862,LOVE HEART NAPKIN BOX ,Kitchen & Dining
22876,NUMBER TILE COTTAGE GARDEN 8,Garden & Outdoor
22928,YELLOW GIANT GARDEN THERMOMETER,Garden & Outdoor
22948,METAL DECORATION NAUGHTY CHILDREN ,Home Decor
22949,36 DOILIES DOLLY GIRL,Home Decor
22976,CIRCUS PARADE CHILDRENS EGG CUP ,Kitchen & Dining
35095A,BLUE VICTORIAN FABRIC OVAL BOX,Storage & Organization
35095B,RED VICTORIAN FABRIC OVAL BOX,Storage & Organization
35471D,SET OF 3 BIRD LIGHT PINK FEATHER ,Garden & Outdoor
35598D,PINK/WHITE CHRISTMAS TREE 60CM,Seasonal & Party
35599D,PINK AND WHITE CHRISTMAS TREE 120CM,Seasonal & Party
35610A,PINK CHRISTMAS FLOCK DROPLET ,Seasonal & Party
35818P,"ACRYLIC JEWEL ICICLE, PINK",Home Decor
35957,SMALLFOLKART BAUBLE CHRISTMAS DEC,Seasonal & Party
35961,FOLKART ZINC HEART CHRISTMAS DEC,Seasonal & Party
35971,ROSE FOLKART HEART DECORATIONS,Home Decor
37449,CERAMIC CAKE STAND + HANGING CAKES,Kitchen & Dining
37476,CONDIMENT TRAY 4 BOWLS AND 4 SPOONS,Kitchen & Dining
47559B,TEA TIME OVEN GLOVE,Home Decor
47591B,SCOTTIES CHILDRENS APRON,Home Decor
47591D,PINK FAIRY CAKE CHILDRENS APRON,Kitchen & Dining
47593B,SCOTTIE DOGS BABY BIB,Home Decor
48188,DOORMAT WELCOME PUPPIES,Home Decor
71459,HANGING JAM JAR T-LIGHT HOLDER,Candles
72586,SET OF 6 HALLOWEEN GHOST T-LIGHTS,Seasonal & Party
72799E,IVORY PILLAR CANDLE SILVER FLOCK,Home Decor
72799F,IVORY PILLAR CANDLE GOLD FLOCK,Home Decor
72807A,SET/3 ROSE CANDLE IN JEWELLED BOX,Home Decor
72807B,SET/3 OCEAN SCENT CANDLE JEWEL BOX,Home Decor
72807C,SET/3 VANILLA SCENTED CANDLE IN BOX,Home Decor
72816,SET/3 CHRISTMAS DECOUPAGE CANDLES,Seasonal & Party
79030D,"TUMBLER, BAROQUE",Home Decor
79030G,"TUMBLER, NEW ENGLAND",Home Decor
82551,LAUNDRY 15C METAL SIGN,Home Decor
82583,HOT BATHS METAL SIGN,Home Decor
82613B,"METAL SIGN,CUPCAKE SINGLE HOOK",Home Decor
82613C,"METAL SIGN,CUPCAKE SINGLE HOOK",Home Decor
82613D,METAL SIGN CUPCAKE SINGLE HOOK,Home Decor
84031A,CHARLIE+LOLA RED HOT WATER BOTTLE ,Kitchen & Dining
84031B,CHARLIE LOLA BLUE HOT WATER BOTTLE ,Kitchen & Dining
84032A,CHARLIE+LOLA PINK HOT WATER BOTTLE,Kitchen & Dining
84086C,PINK/PURPLE RETRO RADIO,Home Decor
84279P,CHERRY BLOSSOM  DECORATIVE FLASK,Home Decor
85015,SET OF 12  VINTAGE POSTCARD SET,Stationery & Craft
85016,SET OF 6 VINTAGE NOTELETS KIT,Home Decor
85017A,ENVELOPE 50 ROMANTIC IMAGES,Home Decor
85017B,ENVELOPE 50 BLOSSOM IMAGES,Home Decor
85032D,YULETIDE IMAGES GIFT WRAP SET,Stationery & Craft
85039A,SET/4 RED MINI ROSE CANDLE IN BOWL,Home Decor
85048,15CM CHRISTMAS GLASS BALL 20 LIGHTS,Seasonal & Party
85064,CREAM SWEETHEART LETTER RACK,Bath & Beauty
85127,SMALL SQUARE CUT GLASS CANDLESTICK,Kitchen & Dining
85129D,BEADED CRYSTAL HEART PINK SMALL,Home Decor
85131B,BEADED CRYSTAL HEART GREEN ON STICK,Home Decor
85132A,CHARLIE + LOLA BISCUITS TINS,Home Decor
85135C,RED DRAGONFLY HELICOPTER,Home Decor
85176,SEWING SUSAN 21 NEEDLE SET,Home Decor
85177,BASKET OF FLOWERS SEWING KIT,Storage & Organization
85178,VICTORIAN SEWING KIT,Home Decor
85186A,EASTER BUNNY GARLAND OF FLOWERS,Seasonal & Party
85232B,SET OF 3 BABUSHKA STACKING TINS,Home Decor
90003C,MIDNIGHT BLUE PAIR HEART HAIR SLIDE,Fashion & Accessories
90018A,SILVER M.O.P ORBIT DROP EARRINGS,Home Decor
90022,EDWARDIAN DROP EARRINGS JET BLACK,Home Decor
90071,RUBY GLASS CLUSTER EARRINGS,Kitchen & Dining
90099,NECKLACE+BRACELET SET BLUE HIBISCUS,Fashion & Accessories
90116,FRUIT SALAD BAG CHARM,Fashion & Accessories
90120C,GREEN MURANO TWIST BRACELET,Fashion & Accessories
90129A,PINK GLASS TASSLE BAG CHARM ,Kitchen & Dining
90129B,TURQUOISE GLASS TASSLE BAG CHARM ,Kitchen & Dining
90161A,ANT COPPER RED BOUDICCA BRACELET,Fashion & Accessories
90190C,SILVER/AMETHYST DROP EARRINGS LEAF,Home Decor
90194,SILVER LARIAT BLACK STONE EARRINGS,Home Decor
90209B,GREEN ENAMEL+GLASS HAIR COMB,Kitchen & Dining
90214D,"LETTER ""D"" BLING KEY RING",Fashion & Accessories
90214G,"LETTER ""G"" BLING KEY RING",Fashion & Accessories
90214H,"LETTER ""H"" BLING KEY RING",Fashion & Accessories
90214J,"LETTER ""J"" BLING KEY RING",Fashion & Accessories
90214R,"LETTER ""R"" BLING KEY RING",Fashion & Accessories
DOT,DOTCOM POSTAGE,Home Decor
84534B,FAIRY CAKE NOTEBOOK A5 SIZE,Kitchen & Dining
84535B,FAIRY CAKES NOTEBOOK A6 SIZE,Stationery & Craft
84536A,ENGLISH ROSE NOTEBOOK A7 SIZE,Stationery & Craft
84536B,FAIRY CAKES NOTEBOOK A7 SIZE,Stationery & Craft
84580,MOUSE TOY WITH PINK T-SHIRT,Toys & Kids
84581,DOG TOY WITH PINK CROCHET SKIRT,Toys & Kids
84598,BOYS ALPHABET IRON ON PATCHES,Home Decor
84912B,GREEN ROSE WASHBAG,Home Decor
84913A,SOFT PINK ROSE TOWEL ,Bath & Beauty
84913B,MINT GREEN ROSE TOWEL,Bath & Beauty
84923,PINK BUTTERFLY HANDBAG W BOBBLES,Home Decor
84946,ANTIQUE SILVER TEA GLASS ETCHED,Kitchen & Dining
84988,SET OF 72 PINK HEART PAPER DOILIES,Stationery & Craft
20856,DENIM PATCH PURSE PINK BUTTERFLY,Fashion & Accessories
20854,BLUE PATCH PURSE PINK HEART,Fashion & Accessories
21218,RED SPOTTY BISCUIT TIN,Kitchen & Dining
22845,VINTAGE CREAM CAT FOOD CONTAINER,Bath & Beauty
11001,ASSTD DESIGN RACING CAR PEN,Stationery & Craft
16236,KITTY PENCIL ERASERS,Stationery & Craft
17003,BROCADE RING PURSE ,Fashion & Accessories
17011F,ORIGAMI SANDLEWOOD INCENSE+FLOWER,Garden & Outdoor
17012A,ORIGAMI VANILLA INCENSE/CANDLE SET ,Home Decor
17012B,ORIGAMI JASMINE INCENSE/CANDLE SET,Home Decor
17012C,ORIGAMI LAVENDER INCENSE/CANDL SET ,Home Decor
17012D,ORIGAMI ROSE INCENSE/CANDLE SET ,Home Decor
17012E,ORIGAMI OPIUM INCENSE/CANDLE SET ,Home Decor
17012F,ORIGAMI SANDLEWOOD INCENSE/CAND SET,Home Decor
17129F,BLUE GLASS GEMS IN BAG,Kitchen & Dining
18098C,PORCELAIN BUTTERFLY OIL BURNER,Home Decor
20622,VIPPASSPORT COVER ,Home Decor
20658,RED RETROSPOT LUGGAGE TAG,Fashion & Accessories
20662,FIRST CLASS HOLIDAY PURSE ,Fashion & Accessories
20676,RED RETROSPOT BOWL,Kitchen & Dining
20684,STRAWBERRY DREAM CHILDS UMBRELLA,Fashion & Accessories
20719,WOODLAND CHARLOTTE BAG,Fashion & Accessories
20724,RED RETROSPOT CHARLOTTE BAG,Fashion & Accessories
20733,GOLD MINI TAPE MEASURE ,Stationery & Craft
20735,BLACK MINI TAPE MEASURE ,Stationery & Craft
20770,ABSTRACT CIRCLE JOURNAL ,Stationery & Craft
20835,FRENCH LATTICE CUSHION COVER ,Home Decor
20839,FRENCH PAISLEY CUSHION COVER ,Home Decor
20840,FRENCH FLORAL CUSHION COVER ,Home Decor
20956,PORCELAIN T-LIGHT HOLDERS ASSORTED,Lighting & Electrical
20969,RED FLORAL FELTCRAFT SHOULDER BAG,Fashion & Accessories
20971,PINK BLUE FELT CRAFT TRINKET BOX,Stationery & Craft
20975,12 PENCILS SMALL TUBE RED RETROSPOT,Home Decor
20981,12 PENCILS TALL TUBE WOODLAND,Home Decor
20996,JAZZ HEARTS ADDRESS BOOK,Home Decor
21000,ROSE DU SUD COSMETICS BAG,Fashion & Accessories
21012,ANTIQUE ALL GLASS CANDLESTICK,Kitchen & Dining
21069,VINTAGE BILLBOARD TEA MUG,Kitchen & Dining
21070,VINTAGE BILLBOARD MUG ,Kitchen & Dining
21147,JINGLE BELLS TREE DECORATION,Seasonal & Party
21158,MOODY GIRL DOOR HANGER ,Storage & Organization
21165,BEWARE OF THE CAT METAL SIGN ,Home Decor
21174,POTTERING IN THE SHED METAL SIGN,Home Decor
21189,WHITE HONEYCOMB PAPER GARLAND ,Stationery & Craft
21191,LARGE WHITE HONEYCOMB PAPER BELL  ,Stationery & Craft
21195,PINK  HONEYCOMB PAPER BALL ,Stationery & Craft
21207,SKULL AND CROSSBONES  GARLAND ,Home Decor
21216,"SET 3 RETROSPOT TEA,COFFEE,SUGAR",Home Decor
21217,RED RETROSPOT ROUND CAKE TINS,Kitchen & Dining
21231,SWEETHEART CERAMIC TRINKET BOX,Storage & Organization
21238,RED RETROSPOT CUP,Kitchen & Dining
21249,WOODLAND  HEIGHT CHART STICKERS ,Home Decor
21262,WHITE GOOSE FEATHER CHRISTMAS TREE ,Seasonal & Party
21313,GLASS HEART T-LIGHT HOLDER ,Candles
21349,IVY HEART WREATH,Home Decor
21352,EUCALYPTUS & PINECONE  WREATH,Home Decor
21354,TOAST ITS - BEST MUM,Home Decor
21365,MIRRORED WALL ART STARS,Home Decor
21366,MIRRORED WALL ART PHOTO FRAMES,Home Decor
21369,MIRRORED WALL ART SPLODGES,Home Decor
21372,MIRRORED WALL ART TABLE LAMP,Lighting & Electrical
21385,IVORY HANGING DECORATION  HEART,Home Decor
21407,BROWN CHECK CAT DOORSTOP ,Home Decor
21408,SPOTTY PINK DUCK DOORSTOP,Home Decor
21507,"ELEPHANT, BIRTHDAY CARD, ",Stationery & Craft
21563,RED HEART SHAPE LOVE BUCKET ,Home Decor
21564,PINK  HEART SHAPE LOVE BUCKET ,Home Decor
21634,ASSORTED MINI MADRAS NOTEBOOK,Stationery & Craft
21641,ASSORTED TUTTI FRUTTI KEYRING BALL,Fashion & Accessories
21679,SKULLS  STICKERS,Home Decor
21703,BAG 125g SWIRLY MARBLES,Fashion & Accessories
21704,BAG 250g SWIRLY MARBLES,Fashion & Accessories
21721,CANDY SHOP  STICKER SHEET,Stationery & Craft
21722,SWEET PUDDING STICKER SHEET,Stationery & Craft
21758,VINTAGE SHELLS PRINT,Home Decor
79144B,PAINTED LIGHTBULB STAR+ MOON,Home Decor
22482,BLUE TEA TOWEL CLASSIC DESIGN,Bath & Beauty
21917,SET 12 KIDS  WHITE CHALK STICKS,Home Decor
20697,LITTLE GREEN MONSTER SOFT TOY,Toys & Kids
22599,CHRISTMAS MUSICAL ZINC STAR,Seasonal & Party
22597,CHRISTMAS MUSICAL ZINC HEART ,Seasonal & Party
21495,SKULLS AND CROSSBONES WRAP,Stationery & Craft
46000R,POLYESTER FILLER PAD 45x30cm,Home Decor
46000S,POLYESTER FILLER PAD 40x40cm,Home Decor
84920,PINK FLOWER FABRIC PONY,Garden & Outdoor
22953,BIRTHDAY PARTY CORDON BARRIER TAPE,Stationery & Craft
84508A,CAMOUFLAGE DESIGN TEDDY,Home Decor
21670,BLUE SPOT CERAMIC DRAWER KNOB,Storage & Organization
22786,CUSHION COVER PINK UNION JACK,Home Decor
22212,FOUR HOOK  WHITE LOVEBIRDS,Storage & Organization
22678,FRENCH BLUE METAL DOOR SIGN 3,Home Decor
22686,FRENCH BLUE METAL DOOR SIGN No,Home Decor
84685,BEACH HUT KEY CABINET,Storage & Organization
20616,CHERRY BLOSSOM PASSPORT COVER,Home Decor
22753,SMALL YELLOW BABUSHKA NOTEBOOK ,Stationery & Craft
79066K,RETRO MOD TRAY,Kitchen & Dining
22794,SWEETHEART WIRE MAGAZINE RACK,Home Decor
22592,CARDHOLDER HOLLY WREATH METAL,Home Decor
84352,SILVER CHRISTMAS TREE BAUBLE STAND ,Seasonal & Party
22795,SWEETHEART RECIPE BOOK STAND,Home Decor
22278,OVERNIGHT BAG VINTAGE ROSE PAISLEY,Fashion & Accessories
22802,FAUX FUR CHOCOLATE THROW,Home Decor
84884A,ANT WHITE WIRE HEART SPIRAL,Home Decor
51014C,"FEATHER PEN,COAL BLACK",Stationery & Craft
51014L,"FEATHER PEN,LIGHT PINK",Stationery & Craft
51014A,"FEATHER PEN,HOT PINK",Stationery & Craft
22366,DOORMAT AIRMAIL ,Home Decor
48111,DOORMAT 3 SMILEY CATS,Home Decor
22846,BREAD BIN DINER STYLE RED ,Home Decor
22402,MAGNETS PACK OF 4 VINTAGE COLLAGE,Home Decor
22400,MAGNETS PACK OF 4 HOME SWEET HOME,Home Decor
22399,MAGNETS PACK OF 4 CHILDHOOD MEMORY,Home Decor
79302M,"ART LIGHTS,FUNK MONKEY",Home Decor
37446,MINI CAKE STAND WITH HANGING CAKES,Kitchen & Dining
84509B,SET OF 4 FAIRY CAKE PLACEMATS,Kitchen & Dining
22313,OFFICE MUG WARMER PINK,Kitchen & Dining
21181,PLEASE ONE PERSON METAL SIGN,Home Decor
21818,GLITTER CHRISTMAS HEART ,Seasonal & Party
21668,RED STRIPE CERAMIC DRAWER KNOB,Storage & Organization
21462,"NURSERY A,B,C PAINTED LETTERS",Home Decor
22496,SET OF 2 ROUND TINS DUTCH CHEESE,Home Decor
84870C,GREEN GEISHA GIRL ,Home Decor
84870B,BLUE GEISHA GIRL ,Home Decor
22765,NEWSPAPER STAND,Home Decor
21351,CINAMMON & ORANGE WREATH,Home Decor
22581,WOOD STOCKING CHRISTMAS SCANDISPOT,Seasonal & Party
22579,WOODEN TREE CHRISTMAS SCANDINAVIAN,Seasonal & Party
22572,ROCKING HORSE GREEN CHRISTMAS ,Seasonal & Party
22640,SET OF 4 NAPKIN CHARMS 3 KEYS ,Kitchen & Dining
22641,SET OF 4 NAPKIN CHARMS INSTRUMENT,Kitchen & Dining
22638,SET OF 4 NAPKIN CHARMS CROWNS ,Kitchen & Dining
22576,SWALLOW WOODEN CHRISTMAS DECORATION,Seasonal & Party
21817,GLITTER CHRISTMAS TREE,Seasonal & Party
21813,GARLAND WITH STARS AND BELLS,Home Decor
21808,"CHRISTMAS GARLAND STARS,TREES",Seasonal & Party
21014,SWISS CHALET TREE DECORATION ,Seasonal & Party
21018,BIRD BOX CHRISTMAS TREE DECORATION,Seasonal & Party
22946,WOODEN ADVENT CALENDAR CREAM,Stationery & Craft
M,Manual,Home Decor
22660,DOORMAT I LOVE LONDON,Home Decor
21761,WOOD AND GLASS MEDICINE CABINET,Kitchen & Dining
21781,MA CAMPAGNE CUTLERY BOX,Kitchen & Dining
22696,WICKER WREATH LARGE,Home Decor
84360,TABLE LAMP WHITE SHADE WOOD BASE,Lighting & Electrical
35954,SMALL FOLKART STAR CHRISTMAS DEC,Seasonal & Party
84760S,SMALL HANGING GLASS+ZINC LANTERN,Home Decor
85045,GREEN CHRISTMAS TREE STRING 20LIGHT,Seasonal & Party
35598B,BLACK CHRISTMAS TREE 60CM,Seasonal & Party
22578,WOODEN STAR CHRISTMAS SCANDINAVIAN,Seasonal & Party
22855,FINE WICKER HEART ,Home Decor
21864,UNION JACK FLAG PASSPORT COVER ,Home Decor
15056P,EDWARDIAN PARASOL PINK,Home Decor
85174,S/4 CACTI CANDLES,Home Decor
82615,PINK MARSHMALLOW SCARF KNITTING KIT,Fashion & Accessories
85038,6 CHOCOLATE LOVE HEART T-LIGHTS,Candles
22965,3 TRADITIONAL COOKIE CUTTERS  SET,Home Decor
22972,CHILDRENS SPACEBOY MUG,Kitchen & Dining
21374,MIRRORED WALL ART SKULLS,Home Decor
21509,COWBOYS AND INDIANS BIRTHDAY CARD ,Stationery & Craft
22025,RING OF ROSES BIRTHDAY CARD,Stationery & Craft
22725,ALARM CLOCK BAKELIKE CHOCOLATE,Home Decor
37448,CERAMIC CAKE DESIGN SPOTTED MUG,Kitchen & Dining
22421,LIPSTICK PEN FUSCHIA,Stationery & Craft
84997A,GREEN 3 PIECE POLKADOT CUTLERY SET,Kitchen & Dining
21136,PAINTED METAL PEARS ASSORTED,Home Decor
71477,COLOUR GLASS. STAR T-LIGHT HOLDER,Candles
22030,SWALLOWS GREETING CARD,Stationery & Craft
90214M,"LETTER ""M"" BLING KEY RING",Fashion & Accessories
90214V,"LETTER ""V"" BLING KEY RING",Fashion & Accessories
90214S,"LETTER ""S"" BLING KEY RING",Fashion & Accessories
21789,KIDS RAIN MAC PINK,Home Decor
21629,SQUARE FLOOR CUSHION VINTAGE RED,Home Decor
21850,BLUE  DIAMANTE PEN IN GIFT BOX,Stationery & Craft
20978,36 PENCILS TUBE SKULLS,Home Decor
20768,GREEN FERN JOURNAL ,Stationery & Craft
20780,BLACK EAR MUFF HEADPHONES,Home Decor
21398,RED POLKADOT COFFEE  MUG,Kitchen & Dining
21643,ASSORTED TUTTI FRUTTI MIRROR,Home Decor
21620,SET OF 4 ROSE BOTANICAL CANDLES,Home Decor
22260,FELT EGG COSY BLUE RABBIT ,Home Decor
22136,LOVE HEART SOCK HANGER,Storage & Organization
10135,COLOURING PENCILS BROWN TUBE,Home Decor
16168M,FUNKY MONKEY GIFT BAG MEDIUM,Fashion & Accessories
17014A,ORIGAMI VANILLA INCENSE CONES,Home Decor
17084N,FAIRY DREAMS INCENSE ,Lighting & Electrical
17084P,DRAGONS BLOOD INCENSE,Home Decor
20617,FIRST CLASS PASSPORT COVER ,Home Decor
20619,TROPICAL PASSPORT COVER ,Home Decor
20653,CHERRY BLOSSOM LUGGAGE TAG,Fashion & Accessories
20681,PINK POLKADOT CHILDRENS UMBRELLA,Fashion & Accessories
20682,RED RETROSPOT CHILDRENS UMBRELLA,Fashion & Accessories
20696,FLORAL SOFT CAR TOY,Toys & Kids
20699,MOUSEY LONG LEGS SOFT TOY,Toys & Kids
20700,GREEN CAT FLORAL CUSHION COVER ,Home Decor
20718,RED RETROSPOT SHOPPER BAG,Fashion & Accessories
20752,BLUE POLKADOT WASHING UP GLOVES,Fashion & Accessories
20761,BLUE PAISLEY SKETCHBOOK,Home Decor
20846,ZINC HEART LATTICE T-LIGHT HOLDER,Candles
20931,BLUE POT PLANT CANDLE ,Home Decor
21002,ROSE DU SUD DRAWSTRING BAG,Fashion & Accessories
21015,DARK BIRD HOUSE TREE DECORATION,Seasonal & Party
21067,VINTAGE RED TEATIME MUG,Kitchen & Dining
21109,"LARGE CAKE TOWEL, CHOCOLATE SPOTS",Kitchen & Dining
21110,LARGE CAKE TOWEL PINK SPOTS,Kitchen & Dining
21128,GOLD FISHING GNOME,Home Decor
21164,HOME SWEET HOME METAL SIGN ,Home Decor
21188,3D HEARTS  HONEYCOMB PAPER GARLAND,Stationery & Craft
21208,PASTEL COLOUR HONEYCOMB FAN,Home Decor
21220,SET/4 BADGES DOGS,Home Decor
21272,SALLE DE BAIN HOOK,Storage & Organization
21279,VINTAGE KITCHEN PRINT FRUITS,Home Decor
21281,VINTAGE KITCHEN PRINT SEAFOOD,Home Decor
21288,STRIPEY CHOCOLATE NESTING BOXES,Home Decor
21356,TOAST ITS - FAIRY FLOWER,Garden & Outdoor
21439,BASKET OF TOADSTOOLS,Storage & Organization
21447,12 IVORY ROSE PEG PLACE SETTINGS,Kitchen & Dining
21537,RED RETROSPOT PUDDING BOWL,Kitchen & Dining
21547,CERAMIC BIRDHOUSE CRESTED TIT SMALL,Home Decor
21594,Dr. Jam's Arouzer Stress Ball,Home Decor
21638,ASSORTED TUTTI FRUTTI NOTEBOOK,Stationery & Craft
21648,ASSORTED TUTTI FRUTTI SMALL PURSE,Fashion & Accessories
21656,RIDGED GLASS POSY VASE ,Home Decor
21671,RED SPOT CERAMIC DRAWER KNOB,Storage & Organization
21684,SMALL MEDINA STAMPED METAL BOWL ,Kitchen & Dining
21698,MOCK LOBSTER FRIDGE MAGNET,Home Decor
21700,BIG DOUGHNUT FRIDGE MAGNETS,Home Decor
21745,GAOLERS KEYS DECORATIVE GARDEN ,Garden & Outdoor
21775,DECORATIVE FLORE BATHROOM BOTTLE,Kitchen & Dining
21820,GLITTER HEART GARLAND WITH BELLS ,Home Decor
21830,ASSORTED CREEPY CRAWLIES,Home Decor
21846,PINK DIAMANTE PEN IN GIFT BOX,Stationery & Craft
21868,POTTING SHED TEA MUG,Kitchen & Dining
21875,KINGS CHOICE MUG,Kitchen & Dining
21896,POTTING SHED TWINE,Home Decor
21899,"KEY FOB , GARAGE DESIGN",Home Decor
21906,PHARMACIE FIRST AID TIN,Kitchen & Dining
21908,CHOCOLATE THIS WAY METAL SIGN,Home Decor
21974,SET OF 36 PAISLEY FLOWER DOILIES,Garden & Outdoor
22078,RIBBON REEL LACE DESIGN ,Stationery & Craft
22084,PAPER CHAIN KIT EMPIRE,Stationery & Craft
22091,EMPIRE TISSUE BOX,Storage & Organization
22124,SET OF 2 TEA TOWELS PING MICROWAVE,Home Decor
22165,"DIAMANTE HEART SHAPED WALL MIRROR, ",Home Decor
22184,CAKE STAND VICTORIAN FILIGREE LARGE,Kitchen & Dining
22208,WOOD STAMP SET THANK YOU,Home Decor
22245,"HOOK, 1 HANGER ,MAGIC GARDEN",Garden & Outdoor
22246,MAGIC GARDEN FELT GARLAND ,Garden & Outdoor
22283,6 EGG HOUSE PAINTED WOOD,Home Decor
22304,COFFEE MUG BLUE PAISLEY DESIGN,Kitchen & Dining
22308,TEA COSY BLUE STRIPE,Home Decor
22317,FIVE CATS HANGING DECORATION,Home Decor
22324,BLUE POLKADOT KIDS BAG,Fashion & Accessories
22325,MOBILE VINTAGE HEARTS ,Home Decor
22331,WOODLAND PARTY BAG + STICKER SET,Stationery & Craft
22342,HOME GARLAND PAINTED ZINC ,Home Decor
22350,ILLUSTRATED CAT BOWL ,Kitchen & Dining
22393,PAPERWEIGHT VINTAGE COLLAGE,Home Decor
22405,MONEY BOX POCKET MONEY DESIGN,Storage & Organization
22409,MONEY BOX BISCUITS DESIGN,Storage & Organization
22420,LIPSTICK PEN BABY PINK,Stationery & Craft
22425,ENAMEL COLANDER CREAM,Bath & Beauty
22458,CAST IRON HOOK GARDEN FORK,Garden & Outdoor
22459,CAST IRON HOOK GARDEN TROWEL,Garden & Outdoor
22499,WOODEN UNION JACK BUNTING,Toys & Kids
22503,CABIN BAG VINTAGE PAISLEY,Fashion & Accessories
22536,MAGIC DRAWING SLATE PURDEY,Home Decor
22586,FELTCRAFT HAIRBAND PINK AND BLUE,Home Decor
22602,CHRISTMAS RETROSPOT HEART WOOD,Seasonal & Party
22649,STRAWBERRY FAIRY CAKE TEAPOT,Kitchen & Dining
22668,PINK BABY BUNTING,Home Decor
22673,FRENCH GARDEN SIGN BLUE METAL,Home Decor
22692,DOORMAT WELCOME TO OUR HOME,Home Decor
22746,POPPY'S PLAYHOUSE LIVINGROOM ,Home Decor
22747,POPPY'S PLAYHOUSE BATHROOM,Home Decor
22756,LARGE YELLOW BABUSHKA NOTEBOOK ,Stationery & Craft
22788,BROCANTE COAT RACK,Home Decor
22831,WHITE BROCANTE SOAP DISH,Bath & Beauty
22841,ROUND CAKE TIN VINTAGE GREEN,Kitchen & Dining
22863,SOAP DISH BROCANTE,Bath & Beauty
22870,NUMBER TILE COTTAGE GARDEN 2,Garden & Outdoor
22890,NOVELTY BISCUITS CAKE STAND 3 TIER,Kitchen & Dining
22897,OVEN MITT APPLES DESIGN,Home Decor
22898,CHILDRENS APRON APPLES DESIGN,Home Decor
22944,CHRISTMAS METAL POSTCARD WITH BELLS,Seasonal & Party
22977,DOLLY GIRL CHILDRENS EGG CUP,Kitchen & Dining
35637A,IVORY STRING CURTAIN WITH POLE ,Home Decor
35916B,BLUE FELT HANGING HEART W FLOWER,Garden & Outdoor
35916C,PINK FELT HANGING HEART W FLOWER,Garden & Outdoor
35964,FOLKART CLIP ON STARS,Home Decor
35965,FOLKART HEART NAPKIN RINGS,Kitchen & Dining
35967,FOLK ART METAL STAR T-LIGHT HOLDER,Candles
37450,CERAMIC CAKE BOWL + HANGING CAKES,Kitchen & Dining
37491A,YELLOW/PINK CERAMIC CANDLE HOLDER,Home Decor
46775D,SUNSET COLOUR CHUNKY KNITTED THROW,Home Decor
46776B,WOVEN BERRIES CUSHION COVER ,Home Decor
47566B,TEA TIME PARTY BUNTING,Seasonal & Party
47567B,TEA TIME KITCHEN APRON,Home Decor
47590A,BLUE HAPPY BIRTHDAY BUNTING,Seasonal & Party
47590B,PINK HAPPY BIRTHDAY BUNTING,Seasonal & Party
47594A,CAROUSEL DESIGN WASHBAG,Home Decor
70006,LOVE HEART POCKET WARMER,Home Decor
71496A,A4 WALL TIDY BLUE OFFICE,Storage & Organization
72134,COLUMBIAN  CUBE CANDLE ,Home Decor
79067,CORONA MEXICAN TRAY,Kitchen & Dining
82582,AREA PATROLLED METAL SIGN,Home Decor
82599,FANNY'S REST STOPMETAL SIGN,Home Decor
82616C,MIDNIGHT GLAMOUR SCARF KNITTING KIT,Fashion & Accessories
84459B,YELLOW METAL CHICKEN HEART ,Home Decor
84520B,PACK 20 ENGLISH ROSE PAPER NAPKINS,Stationery & Craft
84559A,3D SHEET OF DOG STICKERS,Home Decor
84559B,3D SHEET OF CAT STICKERS,Home Decor
84596J,MIXED NUTS LIGHT GREEN BOWL,Kitchen & Dining
84609,TALL ROCOCO CANDLE HOLDER,Home Decor
84659A,WHITE TRAVEL ALARM CLOCK,Home Decor
84663A,GRASS HOPPER WOODEN WALL CLOCK ,Home Decor
84828,JUNGLE POPSICLES ICE LOLLY HOLDERS,Home Decor
84856L,LARGE TAHITI BEACH BAG,Fashion & Accessories
84915,HAND TOWEL PINK FLOWER AND DAISY,Bath & Beauty
84950,ASSORTED COLOUR T-LIGHT HOLDER,Candles
84976,RECTANGULAR SHAPED MIRROR,Home Decor
85008,SET OF 3 CONEY ISLAND OVAL BOXES,Home Decor
85040B,SET/4 BLUE FLOWER CANDLES IN BOWL,Kitchen & Dining
85053,FRENCH ENAMEL CANDLEHOLDER,Home Decor
85114A,BLACK ENCHANTED FOREST PLACEMAT,Kitchen & Dining
85131D,BEADED CRYSTAL HEART PINK ON STICK,Home Decor
85170D,SET/6 PINK BIRD T-LIGHT CANDLES,Candles
85212,MINI PAINTED GARDEN DECORATION ,Garden & Outdoor
85227,SET OF 6 3D KIT CARDS FOR KIDS,Home Decor
85232D,SET/3 DECOUPAGE STACKING TINS,Home Decor
90013B,BLACK VINTAGE EARRINGS,Home Decor
90018B,GOLD M.O.P ORBIT DROP EARRINGS,Home Decor
90019B,GOLD M.O.P ORBIT BRACELET,Fashion & Accessories
90024C,NEW BAROQUE B'FLY NECKLACE GREEN,Fashion & Accessories
90036F,"FLOWER GLASS GARLD NECKL36""TURQUOIS",Kitchen & Dining
90040B,MURANO STYLE GLASS BRACELET BLACK,Kitchen & Dining
90051,CRACKED GLAZE NECKLACE RED,Fashion & Accessories
90054,CRACKED GLAZE EARRINGS RED,Home Decor
90077,BLACK DIAMOND CLUSTER EARRINGS,Home Decor
90124B,BLUE MURANO TWIST NECKLACE,Fashion & Accessories
90134,OLD ROSE COMBO BEAD NECKLACE,Fashion & Accessories
90138,WHITE/PINK MINI CRYSTALS NECKLACE,Fashion & Accessories
90161B,ANT COPPER TURQ BOUDICCA BRACELET,Fashion & Accessories
90166,PINK & WHITE ROSEBUD RING,Fashion & Accessories
90173,PAIR BUTTERFLY HAIR CLIPS,Fashion & Accessories
90177C,DROP DIAMANTE EARRINGS CRYSTAL,Home Decor
90177E,DROP DIAMANTE EARRINGS GREEN,Home Decor
90181B,AMETHYST GLASS/SHELL/PEARL NECKLACE,Kitchen & Dining
90192,JADE DROP EARRINGS W FILIGREE,Home Decor
90206C,CRYSTAL DIAMANTE STAR BROOCH,Fashion & Accessories
90209C,PINK ENAMEL+GLASS HAIR COMB,Kitchen & Dining
90211A,DIAMOND LAS VEGAS NECKLACE 45CM,Fashion & Accessories
90214A,"LETTER ""A"" BLING KEY RING",Fashion & Accessories
90214E,"LETTER ""E"" BLING KEY RING",Fashion & Accessories
20970,PINK FLORAL FELTCRAFT SHOULDER BAG,Fashion & Accessories
84658,WHITE STITCHED CUSHION COVER,Home Decor
22448,PIN CUSHION BABUSHKA RED,Home Decor
22447,PIN CUSHION BABUSHKA BLUE,Home Decor
22446,PIN CUSHION BABUSHKA PINK,Home Decor
20665,RED RETROSPOT PURSE ,Fashion & Accessories
21472,LADYBIRD + BEE RAFFIA FOOD COVER,Home Decor
21877,HOME SWEET HOME MUG,Kitchen & Dining
22524,CHILDRENS GARDEN GLOVES BLUE,Fashion & Accessories
20765,CHRYSANTHEMUM SKETCHBOOK ,Home Decor
21624,VINTAGE UNION JACK DOORSTOP,Home Decor
84926A,WAKE UP COCKEREL TILE COASTER,Kitchen & Dining
85035C,ROSE 3 WICK MORRIS BOX CANDLE,Home Decor
72803A,ROSE SCENT CANDLE JEWELLED DRAWER,Home Decor
40001,WHITE BAMBOO RIBS LAMPSHADE,Home Decor
21709,FOLDING UMBRELLA CHOCOLATE POLKADOT,Fashion & Accessories
22220,CAKE STAND LOVEBIRD 2 TIER WHITE,Kitchen & Dining
85034A,3 GARDENIA MORRIS BOXED CANDLES,Home Decor
72798C,SET/4 GARDEN ROSE DINNER CANDLE,Home Decor
35271S,GOLD PRINT PAPER BAG,Stationery & Craft
21380,WOODEN HAPPY BIRTHDAY GARLAND,Seasonal & Party
21221,SET/4 BADGES CUTE CREATURES,Home Decor
20755,BLUE PAISLEY POCKET BOOK,Home Decor
21421,PORCELAIN ROSE LARGE ,Home Decor
21422,PORCELAIN ROSE SMALL,Home Decor
22617,BAKING SET SPACEBOY DESIGN,Kitchen & Dining
21364,PEACE SMALL WOOD LETTERS,Home Decor
21042,RED RETROSPOT APRON ,Home Decor
22272,FELTCRAFT DOLL MARIA,Toys & Kids
21172,PARTY METAL SIGN ,Home Decor
72760B,VINTAGE CREAM 3 BASKET CAKE STAND,Kitchen & Dining
22365,DOORMAT RESPECTABLE HOUSE,Home Decor
22507,MEMO BOARD RETROSPOT  DESIGN,Kitchen & Dining
62096A,PINK/YELLOW FLOWERS HANDBAG,Home Decor
85071D,CHARLIE+LOLA MY ROOM DOOR SIGN,Home Decor
22044,CHRISTMAS CARD STACK OF PRESENTS,Seasonal & Party
21918,SET 12 KIDS COLOUR  CHALK STICKS,Home Decor
22029,SPACEBOY BIRTHDAY CARD,Stationery & Craft
21360,JOY LARGE WOOD LETTERS,Home Decor
84077,WORLD WAR 2 GLIDERS ASSTD DESIGNS,Home Decor
84792,ENCHANTED BIRD COATHANGER 5 HOOK,Garden & Outdoor
85175,CACTI T-LIGHT CANDLES,Candles
20893,HANGING BAUBLE T-LIGHT HOLDER SMALL,Candles
22440,BALLOON WATER BOMB PACK OF 35,Seasonal & Party
22434,BALLOON PUMP WITH 10 BALLOONS,Seasonal & Party
22564,ALPHABET STENCIL CRAFT,Stationery & Craft
22965,3 TRADITIONAl BISCUIT CUTTERS  SET,Home Decor
21215,IVORY PAPER CUP CAKE CASES ,Kitchen & Dining
21058,PARTY INVITES WOODLAND,Seasonal & Party
21060,PARTY INVITES BALLOON GIRL,Seasonal & Party
21719,LOVELY BONBON STICKER SHEET,Stationery & Craft
84826,ASSTD DESIGN 3D PAPER STICKERS,Stationery & Craft
21881,CUTE CATS TAPE,Stationery & Craft
22491,PACK OF 12 COLOURED PENCILS,Home Decor
21355,TOAST ITS - I LOVE YOU ,Home Decor
21518,BANK ACCOUNT  GREETING  CARD ,Stationery & Craft
22023,EMPIRE BIRTHDAY CARD,Stationery & Craft
22027,TEA PARTY BIRTHDAY CARD,Stationery & Craft
22718,CARD CAT AND TREE ,Stationery & Craft
22717,CARD DOG AND BALL ,Stationery & Craft
22028,PENNY FARTHING BIRTHDAY CARD,Stationery & Craft
21669,BLUE STRIPE CERAMIC DRAWER KNOB,Storage & Organization
21673,WHITE SPOT BLUE CERAMIC DRAWER KNOB,Storage & Organization
22460,EMBOSSED GLASS TEALIGHT HOLDER,Home Decor
22433,WATERING CAN GREEN DINOSAUR,Garden & Outdoor
22431,WATERING CAN BLUE ELEPHANT,Garden & Outdoor
84674,FLYING PIG WATERING CAN,Garden & Outdoor
22676,FRENCH BLUE METAL DOOR SIGN 1,Home Decor
22672,FRENCH BATHROOM SIGN BLUE METAL,Home Decor
22776,"CAKESTAND, 3 TIER, LOVEHEART",Home Decor
22778,GLASS BELL JAR SMALL,Kitchen & Dining
22777,GLASS BELL JAR LARGE,Kitchen & Dining
22924,FRIDGE MAGNETS LA VIE EN ROSE,Home Decor
22832,BROCANTE SHELF WITH HOOKS,Home Decor
20674,GREEN POLKADOT BOWL,Kitchen & Dining
22170,PICTURE FRAME WOOD TRIPLE PORTRAIT,Home Decor
21428,SET3 BOOK BOX GREEN GINGHAM FLOWER ,Garden & Outdoor
22840,ROUND CAKE TIN VINTAGE RED,Kitchen & Dining
79191C,RETRO PLASTIC ELEPHANT TRAY,Kitchen & Dining
47471,RAINBOW PEGS PHOTO CLIP STRING,Home Decor
16046,TEATIME PEN CASE & PENS,Stationery & Craft
22796,PHOTO FRAME 3 CLASSIC HANGING,Home Decor
22733,3D TRADITIONAL CHRISTMAS STICKERS,Seasonal & Party
22559,SEASIDE FLYING DISC,Home Decor
22896,PEG BAG APPLES DESIGN,Fashion & Accessories
20967,GREY FLORAL FELTCRAFT SHOULDER BAG,Fashion & Accessories
21430,SET/3 RED GINGHAM ROSE STORAGE BOX,Storage & Organization
22070,SMALL RED RETROSPOT MUG IN BOX ,Kitchen & Dining
20983,12 PENCILS TALL TUBE RED RETROSPOT,Home Decor
21527,RED RETROSPOT TRADITIONAL TEAPOT ,Kitchen & Dining
21538,DAIRY MAID  PUDDING BOWL,Kitchen & Dining
85216,ASSORTED CAKES FRIDGE MAGNETS,Home Decor
22131,FOOD CONTAINER SET 3 LOVE HEART ,Home Decor
21163,DO NOT TOUCH MY STUFF DOOR HANGER ,Storage & Organization
21161,KEEP OUT BOYS DOOR HANGER ,Storage & Organization
21159,MOODY BOY  DOOR HANGER ,Storage & Organization
21390,FILIGRIS HEART WITH BUTTERFLY,Home Decor
22285,"DECORATION HEN ON NEST, HANGING",Home Decor
22284,HEN HOUSE DECORATION,Home Decor
21383,PACK OF 12 STICKY BUNNIES,Home Decor
21381,MINI WOODEN HAPPY BIRTHDAY GARLAND,Seasonal & Party
22210,WOOD STAMP SET BEST WISHES,Home Decor
22209,WOOD STAMP SET HAPPY BIRTHDAY,Seasonal & Party
21872,GLAMOROUS  MUG,Kitchen & Dining
85035A,GARDENIA 3 WICK MORRIS BOXED CANDLE,Home Decor
22761,CHEST 7 DRAWER MA CAMPAGNE,Storage & Organization
22385,JUMBO BAG SPACEBOY DESIGN,Fashion & Accessories
22374,AIRLINE BAG VINTAGE JET SET RED,Fashion & Accessories
21741,COSY SLIPPER SHOES LARGE GREEN,Home Decor
85061W,WHITE JEWELLED HEART DECORATION,Home Decor
40016,CHINESE DRAGON PAPER LANTERNS,Stationery & Craft
22202,MILK PAN PINK POLKADOT,Home Decor
21064,BOOM BOX SPEAKER BOYS,Storage & Organization
84341B,SMALL PINK MAGIC CHRISTMAS TREE,Seasonal & Party
84509G,SET OF 4 FAIRY CAKE PLACEMATS ,Kitchen & Dining
16235,RECYCLED PENCIL WITH RABBIT ERASER,Stationery & Craft
20986,BLUE CALCULATOR RULER,Stationery & Craft
20832,RED FLOCK LOVE HEART PHOTO FRAME,Home Decor
84846A,SCENTED CANDLE IN DIGITALIS TIN,Home Decor
22442,GROW YOUR OWN FLOWERS SET OF 3,Home Decor
21769,VINTAGE POST OFFICE CABINET,Storage & Organization
20798,CLEAR MILKSHAKE GLASS,Kitchen & Dining
22320,BIRDS MOBILE VINTAGE DESIGN,Home Decor
21561,DINOSAUR LUNCH BOX WITH CUTLERY,Kitchen & Dining
85132B,CHARLIE AND LOLA TABLE TINS,Home Decor
85132C,CHARLIE AND LOLA FIGURES TINS,Home Decor
22215,CAKE STAND WHITE TWO TIER LACE,Kitchen & Dining
20675,BLUE POLKADOT BOWL,Kitchen & Dining
21239,PINK  POLKADOT CUP,Kitchen & Dining
21987,PACK OF 6 SKULL PAPER CUPS,Stationery & Craft
21988,PACK OF 6 SKULL PAPER PLATES,Stationery & Craft
21989,PACK OF 20 SKULL PAPER NAPKINS,Stationery & Craft
22316,200 BENDY SKULL STRAWS,Home Decor
22332,SKULLS PARTY BAG + STICKER SET,Stationery & Craft
21206,STRAWBERRY HONEYCOMB  GARLAND ,Home Decor
20677,PINK POLKADOT BOWL,Kitchen & Dining
22806,SET OF 6 T-LIGHTS WEDDING CAKE ,Candles
22893,MINI CAKE STAND T-LIGHT HOLDER,Candles
85159A,"BLACK TEA,COFFEE,SUGAR JARS",Home Decor
21784,SHOE SHINE BOX ,Storage & Organization
22849,BREAD BIN DINER STYLE MINT,Home Decor
17090D,VANILLA INCENSE 40 CONES IN TIN,Kitchen & Dining
17090A,LAVENDER INCENSE 40 CONES IN TIN,Kitchen & Dining
72127,COLUMBIAN CANDLE ROUND ,Home Decor
72133,COLUMBIAN CANDLE RECTANGLE,Home Decor
84763,ZINC FINISH 15CM PLANTER POTS,Home Decor
22450,SILK PURSE BABUSHKA BLUE,Fashion & Accessories
10124G,ARMY CAMO BOOKCOVER TAPE,Stationery & Craft
84519B,CARROT CHARLIE+LOLA COASTER SET,Kitchen & Dining
22505,MEMO BOARD COTTAGE DESIGN,Kitchen & Dining
22514,CHILDS GARDEN SPADE BLUE,Garden & Outdoor
21504,SKULLS GREETING CARD,Stationery & Craft
22292,HANGING CHICK  YELLOW DECORATION,Home Decor
21211,SET OF 72 SKULL PAPER  DOILIES,Stationery & Craft
22045,SPACEBOY GIFT WRAP,Stationery & Craft
90175C,BLUE GLASS CHUNKY CHARM BRACELET,Kitchen & Dining
90180A,BLACK+WHITE NECKLACE W TASSEL,Fashion & Accessories
90178A,AMBER CHUNKY GLASS+BEAD NECKLACE,Kitchen & Dining
22986,GINGHAM ROSE WRAP,Stationery & Craft
20984,12 PENCILS TALL TUBE POSY,Home Decor
22436,12 COLOURED PARTY BALLOONS,Seasonal & Party
21465,PINK FLOWER CROCHET FOOD COVER,Garden & Outdoor
21470,FLOWER VINE RAFFIA FOOD COVER,Garden & Outdoor
16012,FOOD/DRINK SPONGE STICKERS,Home Decor
85025C,PINK HEART SHAPE PHOTO FRAME,Home Decor
21849,SILVER DIAMANTE PEN IN GIFT BOX,Stationery & Craft
85124B,BLUE JUICY FRUIT PHOTO FRAME,Home Decor
85124C,GREEN JUICY FRUIT PHOTO FRAME,Home Decor
20828,GLITTER BUTTERFLY CLIPS,Home Decor
21623,VINTAGE UNION JACK MEMOBOARD,Home Decor
16156S,WRAP PINK FAIRY CAKES ,Stationery & Craft
85049F,BABY BOOM RIBBONS ,Home Decor
22426,ENAMEL WASH BOWL CREAM,Kitchen & Dining
90082D,DIAMANTE BOW BROOCH BLACK COLOUR,Fashion & Accessories
90082A,DIAMANTE BOW BROOCH GREEN COLOUR,Fashion & Accessories
90082B,DIAMANTE BOW BROOCH RED COLOUR,Fashion & Accessories
90081A,LILY BROOCH AMETHYST COLOUR,Fashion & Accessories
90204,PAIR OF ENAMEL BUTTERFLY HAIRCLIP,Home Decor
90185B,AMETHYST DIAMANTE EXPANDABLE RING,Fashion & Accessories
90195A,PURPLE GEMSTONE BRACELET,Fashion & Accessories
90195B,BLACK GEMSTONE BRACELET,Fashion & Accessories
90196A,PURPLE GEMSTONE NECKLACE 45CM,Fashion & Accessories
90199A,5 STRAND GLASS NECKLACE BLACK,Kitchen & Dining
90186A,AMETHYST HOOP EARRING FLORAL LEAF,Fashion & Accessories
20894,HANGING BAUBLE T-LIGHT HOLDER LARGE,Candles
85106,CUT GLASS HEXAGON T-LIGHT HOLDER,Candles
21415,CLAM SHELL SMALL ,Home Decor
21416,CLAM SHELL LARGE,Home Decor
21417,COCKLE SHELL DISH,Home Decor
22343,PARTY PIZZA DISH RED RETROSPOT,Seasonal & Party
22474,SPACEBOY TV DINNER TRAY,Kitchen & Dining
18097A,PINK TALL PORCELAIN T-LIGHT HOLDER ,Candles
18097C,WHITE TALL PORCELAIN T-LIGHT HOLDER,Candles
21902,"KEY FOB , FRONT  DOOR ",Home Decor
21901,"KEY FOB , BACK DOOR ",Home Decor
21948,SET OF 6 CAKE CHOPSTICKS,Kitchen & Dining
20759,CHRYSANTHEMUM POCKET BOOK ,Home Decor
20760,GARDEN PATH POCKET BOOK,Garden & Outdoor
20757,RED DAISY POCKET BOOK ,Home Decor
85185D,FROG SOCK PUPPET,Home Decor
85185B,PINK HORSE SOCK PUPPET,Home Decor
22439,6 ROCKET BALLOONS ,Home Decor
79164,BLACK WINE GLASS,Kitchen & Dining
84683,CLASSICAL ROSE CANDLESTAND,Home Decor
79163,BLACK CHAMPAGNE GLASS,Kitchen & Dining
21155,RED RETROSPOT PEG BAG,Fashion & Accessories
15060B,FAIRY CAKE DESIGN UMBRELLA,Kitchen & Dining
22985,"WRAP, BILLBOARD FONTS DESIGN",Stationery & Craft
22821,GIFT BAG PSYCHEDELIC APPLES,Fashion & Accessories
22705,WRAP GREEN PEARS ,Stationery & Craft
72801C,4 ROSE PINK DINNER CANDLES,Home Decor
72801D,4 SKY BLUE DINNER CANDLES,Home Decor
21735,TWO DOOR CURIO CABINET,Storage & Organization
21500,PINK POLKADOT WRAP ,Stationery & Craft
15036,ASSORTED COLOURS SILK FAN,Home Decor
BANK CHARGES,Bank Charges,Home Decor
21539,RED RETROSPOT BUTTER DISH,Home Decor
22341,LOVE GARLAND PAINTED ZINC ,Home Decor
22452,MEASURING TAPE BABUSHKA PINK,Stationery & Craft
21508,VINTAGE KID DOLLY CARD ,Stationery & Craft
21499,BLUE POLKADOT WRAP,Stationery & Craft
84952C,MIRROR LOVE BIRD T-LIGHT HOLDER,Candles
84952B,BLACK LOVE BIRD T-LIGHT HOLDER,Candles
35001G,HAND OPEN SHAPE GOLD,Home Decor
22264,FELT FARM ANIMAL WHITE BUNNY ,Home Decor
22181,SNOWSTORM PHOTO FRAME FRIDGE MAGNET,Home Decor
21392,RED POLKADOT PUDDING BOWL,Kitchen & Dining
21393,BLUE POLKADOT PUDDING BOWL,Kitchen & Dining
21268,VINTAGE BLUE TINSEL REEL,Home Decor
85144,JARDIN ETCHED GLASS BUTTER DISH,Kitchen & Dining
21025,SPACE FROG,Home Decor
21031,SPACE CADET BLACK,Home Decor
21030,SPACE CADET RED,Home Decor
21026,SPACE OWL,Home Decor
21032,SPACE CADET WHITE,Home Decor
21578,WOODLAND DESIGN  COTTON TOTE BAG,Fashion & Accessories
21357,TOAST ITS - DINOSAUR,Home Decor
20766,GARDEN PATH SKETCHBOOK,Garden & Outdoor
21399,BLUE POLKADOT COFFEE MUG,Kitchen & Dining
22562,MONSTERS STENCIL CRAFT,Stationery & Craft
21714,CITRONELLA CANDLE GARDEN POT,Home Decor
20751,FUNKY WASHING UP GLOVES ASSORTED,Fashion & Accessories
22636,CHILDS BREAKFAST SET CIRCUS PARADE,Home Decor
21426,WOODLAND STORAGE BOX SMALL,Storage & Organization
21581,SKULLS  DESIGN  COTTON TOTE BAG,Fashion & Accessories
90002D,FLOWER BURST SILVER RING CRYSTAL,Fashion & Accessories
21900,"KEY FOB , SHED",Home Decor
22031,BOTANICAL LAVENDER BIRTHDAY CARD,Stationery & Craft
22777,GLASS CLOCHE LARGE,Kitchen & Dining
21788,KIDS RAIN MAC BLUE,Home Decor
22408,MONEY BOX CONFECTIONERY DESIGN,Storage & Organization
22406,MONEY BOX KINGS CHOICE DESIGN,Storage & Organization
22275,WEEKEND BAG VINTAGE ROSE PAISLEY,Fashion & Accessories
22042,CHRISTMAS CARD SINGING ANGEL,Seasonal & Party
22089,PAPER BUNTING VINTAGE PAISLEY,Stationery & Craft
21059,PARTY INVITES DINOSAURS,Seasonal & Party
21240,BLUE POLKADOT CUP,Kitchen & Dining
21927,BLUE/CREAM STRIPE CUSHION COVER ,Home Decor
21925,UNION STRIPE CUSHION COVER ,Home Decor
22763,KEY CABINET MA CAMPAGNE,Storage & Organization
85066,CREAM SWEETHEART MINI CHEST,Bath & Beauty
22334,DINOSAUR PARTY BAG + STICKER SET,Stationery & Craft
22655,VINTAGE RED KITCHEN CABINET,Storage & Organization
22060,LARGE CAKE STAND HANGING HEARTS,Kitchen & Dining
22061,LARGE CAKE STAND  HANGING STRAWBERY,Kitchen & Dining
21531,RED RETROSPOT SUGAR JAM BOWL,Kitchen & Dining
21039,RED RETROSPOT SHOPPING BAG,Fashion & Accessories
21157,RED RETROSPOT WASHBAG,Home Decor
16161P,WRAP ENGLISH ROSE ,Stationery & Craft
16161M,WRAP  PINK FLOCK,Stationery & Craft
85214,TUB 24 PINK FLOWER PEGS,Garden & Outdoor
72232,FENG SHUI PILLAR CANDLE,Home Decor
84247G,"DECOUPAGE,GREETING CARD,",Stationery & Craft
21530,DAIRY MAID TOASTRACK,Home Decor
21528,DAIRY MAID TRADITIONAL TEAPOT ,Kitchen & Dining
21114,LAVENDER SCENTED FABRIC HEART,Home Decor
20615,BLUE POLKADOT PASSPORT COVER,Home Decor
47021G,SET/6 BEAD COASTERS GAUZE BAG GOLD,Fashion & Accessories
22443,GROW YOUR OWN HERBS SET OF 3,Home Decor
21807,WHITE CHRISTMAS STAR DECORATION,Seasonal & Party
22504,CABIN BAG VINTAGE RETROSPOT,Fashion & Accessories
22621,TRADITIONAL KNITTING NANCY,Home Decor
79000,MOROCCAN TEA GLASS,Kitchen & Dining
85049B,LUSH GREENS RIBBONS,Home Decor
21878,PACK OF 6 SANDCASTLE FLAGS ASSORTED,Home Decor
85131A,BEADED PEARL HEART WHITE ON STICK,Home Decor
22158,3 HEARTS HANGING DECORATION RUSTIC,Home Decor
15056bl,EDWARDIAN PARASOL BLACK,Home Decor
15056p,EDWARDIAN PARASOL PINK,Home Decor
20941,FROG CANDLE,Home Decor
21066,VINTAGE RED MUG,Kitchen & Dining
21205,MULTICOLOUR 3D BALLS GARLAND,Home Decor
21361,LOVE LARGE WOOD LETTERS ,Home Decor
21876,POTTERING MUG,Kitchen & Dining
22167, OVAL WALL MIRROR DIAMANTE ,Home Decor
22200,FRYING PAN PINK POLKADOT,Home Decor
22412,METAL SIGN NEIGHBOURHOOD WITCH ,Home Decor
22525,CHILDRENS GARDEN GLOVES PINK,Fashion & Accessories
47566b,TEA TIME PARTY BUNTING,Seasonal & Party
72349b,SET/6 PURPLE BUTTERFLY T-LIGHTS,Candles
84872a,TEATIME FUNKY FLOWER BACKPACK FOR 2,Garden & Outdoor
84970l,SINGLE HEART ZINC T-LIGHT HOLDER,Candles
84970s,HANGING HEART ZINC T-LIGHT HOLDER,Candles
85039a,SET/4 RED MINI ROSE CANDLE IN BOWL,Home Decor
10123C,HEARTS WRAPPING TAPE ,Stationery & Craft
10120,DOGGY RUBBER,Home Decor
84006,MAGIC TREE -PAPER FLOWERS,Stationery & Craft
20767,BLUE PAISLEY JOURNAL ,Stationery & Craft
90094,NECKLACE+BRACELET SET FRUIT SALAD ,Fashion & Accessories
21882,SKULLS TAPE,Stationery & Craft
20886,BOX OF 9 PEBBLE CANDLES,Storage & Organization
21945,STRAWBERRIES  DESIGN FLANNEL ,Home Decor
22133,PINK LOVE HEART SHAPE CUP,Kitchen & Dining
22456,NATURAL SLATE CHALKBOARD LARGE ,Home Decor
22891,TEA FOR ONE POLKADOT,Home Decor
47566,PARTY BUNTING,Seasonal & Party
18098c,PORCELAIN BUTTERFLY OIL BURNER,Home Decor
20655,QUEEN OF SKIES LUGGAGE TAG,Fashion & Accessories
21100,CHARLIE AND LOLA CHARLOTTE BAG,Fashion & Accessories
21201,TROPICAL  HONEYCOMB PAPER GARLAND ,Stationery & Craft
21558,SKULL LUNCH BOX WITH CUTLERY ,Kitchen & Dining
21865,PINK UNION JACK  PASSPORT COVER ,Home Decor
22132,RED LOVE HEART SHAPE CUP,Kitchen & Dining
22166,WALL MIRROR RECTANGLE DIAMANTE PINK,Home Decor
22518,CHILDS GARDEN BRUSH BLUE,Garden & Outdoor
22628,PICNIC BOXES SET OF 3 RETROSPOT ,Garden & Outdoor
84509c,SET OF 4 POLKADOT PLACEMATS ,Kitchen & Dining
84534b,FAIRY CAKE NOTEBOOK A5 SIZE,Kitchen & Dining
84559a,3D SHEET OF DOG STICKERS,Home Decor
84596e,SMALL LICORICE DES PINK BOWL,Kitchen & Dining
84884a,ANT WHITE WIRE HEART SPIRAL,Home Decor
85014a,BLACK/BLUE POLKADOT UMBRELLA,Fashion & Accessories
85014b,RED RETROSPOT UMBRELLA,Fashion & Accessories
85036b,CHOCOLATE 1 WICK MORRIS BOX CANDLE,Home Decor
72803b,OCEAN SCENT CANDLE JEWELLED DRAWER,Home Decor
84993A,75 GREEN PETIT FOUR CASES,Home Decor
84987,SET OF 36 TEATIME PAPER DOILIES,Stationery & Craft
20998,ROSE DU SUD OVEN GLOVE,Home Decor
22702,BLACK AND WHITE CAT BOWL,Kitchen & Dining
84925D,LA PALMIERA WALL THERMOMETER,Garden & Outdoor
21078,SET/20 STRAWBERRY PAPER NAPKINS ,Stationery & Craft
22105,MIRROR MOSAIC GOBLET CANDLE HOLDER,Home Decor
22163,HEART STRING MEMO HOLDER HANGING,Home Decor
22175,PINK OWL SOFT TOY,Toys & Kids
22216,T-LIGHT HOLDER WHITE LACE,Candles
22248,DECORATION  PINK CHICK MAGIC GARDEN,Garden & Outdoor
22250,DECORATION  BUTTERFLY  MAGIC GARDEN,Garden & Outdoor
22251,BIRDHOUSE DECORATION MAGIC GARDEN,Garden & Outdoor
22255,FELT TOADSTOOL  SMALL,Home Decor
22288,HANGING METAL RABBIT DECORATION,Home Decor
22363,GLASS JAR MARMALADE ,Kitchen & Dining
22395,PAPERWEIGHT VINTAGE PAISLEY,Home Decor
22483,RED GINGHAM TEDDY BEAR ,Home Decor
22546,MINI JIGSAW PURDEY,Home Decor
22609,PENS ASSORTED SPACEBALL,Home Decor
22762,CUPBOARD 3 DRAWER MA CAMPAGNE,Storage & Organization
22811,SET OF 6 T-LIGHTS CACTI ,Candles
22882,NUMBER TILE VINTAGE FONT 3,Home Decor
22884,NUMBER TILE VINTAGE FONT 5,Home Decor
22908,PACK OF 20 NAPKINS RED APPLES,Home Decor
35599B,BLACK CHRISTMAS TREE 120CM,Seasonal & Party
44234,ASSORTED CIRCULAR MOBILE,Home Decor
71143,SILVER BOOK MARK WITH BEADS,Home Decor
72351A,SET/6 TURQUOISE BUTTERFLY T-LIGHTS,Candles
75049L,LARGE CIRCULAR MIRROR MOBILE,Home Decor
75131,METAL TUBE CHIME ON BAMBOO,Home Decor
79191B,RETRO PLASTIC POLKA TRAY,Kitchen & Dining
82001S,VINYL RECORD FRAME SILVER,Home Decor
84270,ASSTD DESIGN BUBBLE GUM RING,Fashion & Accessories
84660C,PINK STITCHED WALL CLOCK,Home Decor
84661B,BLACK SQUARE TABLE CLOCK,Home Decor
84673B,BLUE FLY SWAT,Home Decor
84927A,WAKE UP COCKEREL TILE HOOK,Storage & Organization
84927F,PSYCHEDELIC TILE HOOK,Storage & Organization
85025B,EAU DE NILE HEART SHAPE PHOTO FRAME,Home Decor
85054,FRENCH ENAMEL POT W LID,Home Decor
85055,FRENCH ENAMEL UTENSIL HOLDER,Home Decor
85167B,BLACK GRAND BAROQUE PHOTO FRAME,Home Decor
85169A,IVORY LOVE BIRD CANDLE,Home Decor
85169C,EAU DE NIL LOVE BIRD CANDLE,Home Decor
85169D,PINK LOVE BIRD CANDLE,Home Decor
85203,HANGING WOOD AND FELT BUTTERFLY ,Home Decor
90000D,COPPER/OLIVE GREEN FLOWER NECKLACE,Fashion & Accessories
90003E,GREEN PAIR HEART HAIR SLIDES,Fashion & Accessories
90028,NEW BAROQUE LARGE NECKLACE BLK/WHIT,Fashion & Accessories
90060F,FIRE POLISHED GLASS NECKL GREEN,Kitchen & Dining
90114,SUMMER DAISIES BAG CHARM,Fashion & Accessories
90115,SUMMER BUTTERFLIES BAG CHARM,Fashion & Accessories
90120B,BLUE MURANO TWIST BRACELET,Fashion & Accessories
90141A,GREEN PENDANT TRIPLE SHELL NECKLACE,Fashion & Accessories
90199B,5 STRAND GLASS NECKLACE AMETHYST,Kitchen & Dining
90205A,LARGE MINT DIAMANTE HAIRSLIDE,Home Decor
90214B,"LETTER ""B"" BLING KEY RING",Fashion & Accessories
90214C,"LETTER ""C"" BLING KEY RING",Fashion & Accessories
90214F,"LETTER ""F"" BLING KEY RING",Fashion & Accessories
90214I,"LETTER ""I"" BLING KEY RING",Fashion & Accessories
90214L,"LETTER ""L"" BLING KEY RING",Fashion & Accessories
90214N,"LETTER ""N"" BLING KEY RING",Fashion & Accessories
90214Y,"LETTER ""Y"" BLING KEY RING",Fashion & Accessories
16218,CARTOON  PENCIL SHARPENERS,Stationery & Craft
16225,RATTLE SNAKE EGGS,Home Decor
20686,DOLLY MIXTURE CHILDREN'S UMBRELLA,Fashion & Accessories
21200,MULTICOLOUR HONEYCOMB PAPER GARLAND,Stationery & Craft
21051,RIBBONS PURSE ,Fashion & Accessories
21112,"SWISS ROLL TOWEL, PINK  SPOTS",Bath & Beauty
21219,SET/4 BADGES BALLOON GIRL,Seasonal & Party
21224,SET/4 SKULL BADGES,Home Decor
21261,GREEN GOOSE FEATHER CHRISTMAS TREE ,Seasonal & Party
21263,GREEN GOOSE FEATHER TREE 60CM,Seasonal & Party
21286,RETROSPOT CANDLE  LARGE,Home Decor
21446,12 RED ROSE PEG PLACE SETTINGS,Kitchen & Dining
21619,4 VANILLA BOTANICAL CANDLES,Home Decor
21640,ASSORTED TUTTI FRUTTI  FOB NOTEBOOK,Stationery & Craft
21675,BUTTERFLIES STICKERS,Home Decor
21725,SWEETIES  STICKERS,Home Decor
21828,EIGHT PIECE SNAKE  SET,Home Decor
21829,DINOSAUR KEYRINGS ASSORTED,Home Decor
21903,MAN FLU METAL SIGN,Home Decor
21936,RED RETROSPOT PICNIC BAG,Fashion & Accessories
22959,WRAP CHRISTMAS VILLAGE,Seasonal & Party
17084R,ASSORTED INCENSE PACK,Home Decor
17091J,VANILLA INCENSE IN TIN,Kitchen & Dining
21027,NINJA RABBIT PINK,Home Decor
84539,KNITTED RABBIT DOLL ,Toys & Kids
90096,NECKLACE+BRACELET SET BLUE BLOSSOM,Fashion & Accessories
21095,SET/6 POSIES PAPER PLATES,Stationery & Craft
85018D,YULETIDE IMAGES S/6 PAPER BOXES,Stationery & Craft
22732,3D VINTAGE CHRISTMAS STICKERS ,Seasonal & Party
47503J,SET/3 FLORAL GARDEN TOOLS IN BAG,Fashion & Accessories
37464,ROBOT MUG IN DISPLAY BOX,Kitchen & Dining
84247N,PACK/12 BLUE FOLKART CARDS,Home Decor
84247K,"FOLK ART GREETING CARD,pack/12",Stationery & Craft
22035,VINTAGE CARAVAN GREETING CARD ,Stationery & Craft
21250,SET OF SKULL WALL STICKERS,Home Decor
21677,HEARTS  STICKERS,Home Decor
47504K,ENGLISH ROSE GARDEN SECATEURS,Garden & Outdoor
84212,"ASSORTED FLOWER COLOUR ""LEIS""",Garden & Outdoor
21377,SMALL CAMPHOR WOOD FIELD  MUSHROOM,Home Decor
21379,CAMPHOR WOOD PORTOBELLO MUSHROOM,Home Decor
37489D,PINK/GREEN FLOWER DESIGN BIG MUG,Kitchen & Dining
17107D,"FLOWER FAIRY,5 SUMMER B'DRAW LINERS",Garden & Outdoor
37489B,BLUE/YELLOW FLOWER DESIGN BIG MUG,Kitchen & Dining
37489C,GREEN/BLUE FLOWER DESIGN BIG MUG,Kitchen & Dining
21932,SCANDINAVIAN PAISLEY PICNIC BAG,Fashion & Accessories
21933,PINK VINTAGE PAISLEY PICNIC BAG,Fashion & Accessories
37489A,YELLOW/PINK FLOWER DESIGN BIG MUG,Kitchen & Dining
22072,RED RETROSPOT TEA CUP AND SAUCER ,Kitchen & Dining
21905,MORE BUTTER METAL SIGN ,Home Decor
22414,DOORMAT NEIGHBOURHOOD WITCH ,Home Decor
22116,METAL SIGN HIS DINNER IS SERVED,Home Decor
85130A,BEADED PEARL HEART WHITE LARGE,Home Decor
85129C,BEADED CRYSTAL HEART BLUE SMALL,Home Decor
22892,SET OF SALT AND PEPPER TOADSTOOLS,Home Decor
22246,"GARLAND, MAGIC GARDEN 1.8M",Garden & Outdoor
84849A,HELLO SAILOR BLUE SOAP HOLDER,Home Decor
22137,BATHROOM SET LOVE HEART DESIGN,Home Decor
85230B,CINNAMON SCENTED VOTIVE CANDLE,Home Decor
85230F,JASMINE VOTIVE CANDLE,Home Decor
22306,SILVER MUG BONE CHINA TREE OF LIFE,Kitchen & Dining
20734,SILVER MINI TAPE MEASURE ,Stationery & Craft
20960,WATERMELON BATH SPONGE,Bath & Beauty
35970,ZINC FOLKART SLEIGH BELLS,Home Decor
47559b,TEA TIME OVEN GLOVE,Home Decor
47591d,PINK FAIRY CAKE CHILDRENS APRON,Kitchen & Dining
48173c,DOORMAT BLACK FLOCK ,Home Decor
82494l,WOODEN FRAME ANTIQUE WHITE ,Home Decor
84030e,ENGLISH ROSE HOT WATER BOTTLE,Kitchen & Dining
84997b,RED 3 PIECE RETROSPOT CUTLERY SET,Kitchen & Dining
84997c,BLUE 3 PIECE POLKADOT CUTLERY SET,Kitchen & Dining
84997d,PINK 3 PIECE POLKADOT CUTLERY SET,Kitchen & Dining
85049a,TRADITIONAL CHRISTMAS RIBBONS,Seasonal & Party
85049e,SCANDINAVIAN REDS RIBBONS,Home Decor
85099f,JUMBO BAG STRAWBERRY,Fashion & Accessories
85123a,WHITE HANGING HEART T-LIGHT HOLDER,Candles
84849D,HOT BATHS SOAP HOLDER,Home Decor
84507C,BLUE CIRCLES DESIGN MONKEY DOLL,Toys & Kids
20910,VINTAGE PHOTO ALBUM PARIS DAYS,Home Decor
82616B,FRAPPUCINO SCARF KNITTING KIT,Fashion & Accessories
90128B,BLUE LEAVES AND BEADS PHONE CHARM,Home Decor
90196B,BLACK GEMSTONE NECKLACE 45CM,Fashion & Accessories
90198B,VINTAGE ROSE BEAD BRACELET BLACK,Fashion & Accessories
90152B,BLUE/GREEN SHELL NECKLACE W PENDANT,Fashion & Accessories
90151,SILVER/NATURAL SHELL NECKLACE,Fashion & Accessories
20661,BLUE POLKADOT PURSE ,Fashion & Accessories
20652,BLUE POLKADOT LUGGAGE TAG ,Fashion & Accessories
21845,DAIRY MAID STRIPE MUG,Kitchen & Dining
22398,MAGNETS PACK OF 4 SWALLOWS,Home Decor
84877D,BLUE ROUND COMPACT MIRROR,Home Decor
20657,TROPICAL LUGGAGE TAG,Fashion & Accessories
47422,ASSORTED MONKEY SUCTION CUP HOOK,Kitchen & Dining
21642,ASSORTED TUTTI FRUTTI PEN,Stationery & Craft
47503H,ASS FLORAL PRINT SPIRIT LEVEL ,Home Decor
72130,COLUMBIAN CANDLE ROUND,Home Decor
72128,COLUMBIAN CANDLE ROUND,Home Decor
47343A,FUSCHIA FLOWER PURSE WITH BEADS,Fashion & Accessories
72802A,ROSE SCENT CANDLE IN JEWELLED BOX,Home Decor
72802B,OCEAN SCENT CANDLE IN JEWELLED BOX,Home Decor
21054,NURSE'S BAG SOFT TOY,Toys & Kids
22339,CHRISTMAS TREE PAINTED ZINC ,Seasonal & Party
22337,ANGEL DECORATION PAINTED ZINC ,Seasonal & Party
84562A,PINK/WHITE RIBBED MELAMINE JUG,Kitchen & Dining
21040,MODERN VINTAGE COTTON SHOPPING BAG,Fashion & Accessories
21937,STRAWBERRY   PICNIC BAG,Fashion & Accessories
22701,PINK DOG BOWL,Kitchen & Dining
22362,GLASS JAR PEACOCK BATH SALTS,Kitchen & Dining
82011C,BATHROOM SCALES FOOTPRINTS IN SAND,Home Decor
84865,NEW BAROQUE BLACK PHOTO ALBUM,Home Decor
21287,SCENTED VELVET LOUNGE CANDLE ,Home Decor
79337,BLUE FLOCK GLASS CANDLEHOLDER,Kitchen & Dining
85111,SILVER GLITTER FLOWER VOTIVE HOLDER,Home Decor
22307,GOLD MUG BONE CHINA TREE OF LIFE,Kitchen & Dining
85078,SCANDINAVIAN 3 HEARTS NAPKIN RING,Kitchen & Dining
85036B,CHOCOLATE 1 WICK MORRIS BOX CANDLE,Home Decor
85034C,3 ROSE MORRIS BOXED CANDLES,Home Decor
84614A,PINK BAROQUE FLOCK CANDLE HOLDER,Home Decor
22509,SEWING BOX RETROSPOT DESIGN ,Storage & Organization
90145,SILVER HOOP EARRINGS WITH FLOWER,Garden & Outdoor
90143,SILVER BRACELET W PASTEL FLOWER,Fashion & Accessories
90010A,MIDNIGHT BLUE GLASS/SILVER BRACELET,Kitchen & Dining
90010B,BLACK/WHITE GLASS/SILVER BRACELET,Kitchen & Dining
90050,CRACKED GLAZE NECKLACE IVORY,Fashion & Accessories
90053,CRACKED GLAZE EARRINGS IVORY,Home Decor
20829,GLITTER HANGING BUTTERFLY STRING,Home Decor
21947,SET OF 6 HEART CHOPSTICKS,Home Decor
21726,MULTI HEARTS  STICKERS,Home Decor
22671,FRENCH LAUNDRY SIGN BLUE METAL,Home Decor
84924A,WAKE UP COCKEREL CALENDAR SIGN ,Home Decor
35810B,ENAMEL BLUE RIM COFFEE CONTAINER,Home Decor
35241,ENAMEL BLUE RIM BISCUIT BIN,Home Decor
17109D,FLOWER FAIRY INCENSE BOUQUET,Garden & Outdoor
21011,GLITTER SNOW PEAR TREE DECORATION,Seasonal & Party
22853,CAT BOWL VINTAGE CREAM,Kitchen & Dining
85034B,3 WHITE CHOC MORRIS BOXED CANDLES,Home Decor
72800D,4 BLUE DINNER CANDLES SILVER FLOCK,Home Decor
84819,DANISH ROSE ROUND SEWING BOX,Storage & Organization
90185D,CRYSTAL DIAMANTE EXPANDABLE RING,Fashion & Accessories
90175A,WHITE GLASS CHUNKY CHARM BRACELET,Kitchen & Dining
22079,RIBBON REEL HEARTS DESIGN ,Stationery & Craft
90162B,ANT SILVER LIME GREEN BOUDICCA RING,Fashion & Accessories
90162D,ANT SILVER PURPLE BOUDICCA RING,Fashion & Accessories
21626,VINTAGE UNION JACK PENNANT,Home Decor
90167,BEADED LOVE HEART JEWELLERY SET,Home Decor
22403,MAGNETS PACK OF 4 VINTAGE LABELS ,Home Decor
22563,HAPPY STENCIL CRAFT,Stationery & Craft
84827,ASS DES PHONE SPONGE CRAFT STICKER,Stationery & Craft
20936,FORKED CACTUS CANDLE,Home Decor
22799,SWEETHEART WIRE FRUIT BOWL,Kitchen & Dining
22305,COFFEE MUG PINK PAISLEY DESIGN,Kitchen & Dining
84898F,YELLOW FLOWERS FELT HANDBAG KIT,Home Decor
22415,WHITE TISSUE REAM,Home Decor
22256,FELT FARM ANIMAL CHICKEN,Home Decor
47310M,"SMALL POP BOX,FUNKY MONKEY",Storage & Organization
84508B,STRIPES DESIGN TEDDY,Home Decor
21555,CERAMIC STRAWBERRY TRINKET TRAY,Kitchen & Dining
22390,PAPERWEIGHT CHILDHOOD MEMORIES,Home Decor
84963A,PINK PAINTED KASHMIRI CHAIR,Home Decor
72349B,SET/6 PURPLE BUTTERFLY T-LIGHTS,Candles
84993B,75 BLACK PETIT FOUR CASES,Home Decor
85206A,CREAM FELT EASTER EGG BASKET,Seasonal & Party
22021,BLUE FELT EASTER EGG BASKET,Seasonal & Party
84596G,SMALL CHOCOLATES PINK BOWL,Kitchen & Dining
21445,12 PINK ROSE PEG PLACE SETTINGS,Kitchen & Dining
77101A,UNION FLAG WINDSOCK,Home Decor
84358,FLOOR LAMP SHADE WOOD BASE,Lighting & Electrical
21294,ETCHED GLASS COASTER,Kitchen & Dining
21468,BUTTERFLY CROCHET FOOD COVER,Home Decor
22123,PING MICROWAVE APRON,Home Decor
22939,APRON APPLE DELIGHT,Home Decor
21836,GINGHAM OVEN GLOVE RED HEART ,Home Decor
22598,CHRISTMAS MUSICAL ZINC TREE,Seasonal & Party
22532,MAGIC DRAWING SLATE LEAP FROG ,Home Decor
21413,PERIWINKLE T-LIGHT HOLDER,Candles
79149B,SILICON STAR BULB  BLUE,Home Decor
21682,LARGE MEDINA STAMPED METAL BOWL ,Kitchen & Dining
78034B,BLUE NETTING STORAGE HANGER,Storage & Organization
22894,TABLECLOTH RED APPLES DESIGN ,Kitchen & Dining
79151B,"SILICON CUBE 25W, BLUE",Home Decor
21090,SET/6 COLLAGE PAPER PLATES,Stationery & Craft
21209,MULTICOLOUR HONEYCOMB FAN,Home Decor
22354,RETROSPOT PADDED SEAT CUSHION,Home Decor
21635,MADRAS NOTEBOOK LARGE ,Stationery & Craft
35653,VINTAGE BEAD NOTEBOOK,Stationery & Craft
85130D,BEADED CRYSTAL HEART PINK LARGE,Home Decor
15039,SANDALWOOD FAN,Home Decor
84978,HANGING HEART JAR T-LIGHT HOLDER,Candles
84569D,PACK 6 HEART/ICE-CREAM PATCHES,Bath & Beauty
84921,CREAM AND PINK FLOWERS PONY ,Bath & Beauty
84508C,BLUE CIRCLES DESIGN TEDDY,Home Decor
90086,CRYSTAL FROG PHONE CHARM,Home Decor
62018,SOMBRERO ,Home Decor
16011,ANIMAL STICKERS,Home Decor
85179A,GREEN BITTY LIGHT CHAIN,Lighting & Electrical
21785,RAIN PONCHO ,Home Decor
21650,ASSORTED TUTTI FRUTTI BRACELET,Fashion & Accessories
84874B,BLUE TRAVEL FIRST AID KIT,Home Decor
22674,FRENCH TOILET SIGN BLUE METAL,Home Decor
72051S,BAG OF SILVER STONES,Fashion & Accessories
20764,ABSTRACT CIRCLES SKETCHBOOK ,Home Decor
47579,TEA TIME BREAKFAST BASKET,Storage & Organization
21723,ALPHABET HEARTS STICKER SHEET,Stationery & Craft
35953,FOLKART STAR CHRISTMAS DECORATIONS,Seasonal & Party
84051,ASS COLOUR GLOWING TIARAS,Home Decor
21187,WHITE BELL HONEYCOMB PAPER GARLAND ,Stationery & Craft
21696,SMALL SILVER TRELLIS CANDLEPOT,Home Decor
22034,ROBIN CHRISTMAS CARD,Seasonal & Party
20980,36 PENCILS TUBE POSY,Home Decor
35958,FOLKART ZINC STAR CHRISTMAS DEC,Seasonal & Party
75013B,"STRING OF 8 BUTTERFLIES,PINK",Home Decor
22830,UTILTY CABINET WITH HOOKS,Storage & Organization
22684,FRENCH BLUE METAL DOOR SIGN 9,Home Decor
82011B,BATHROOM SCALES RUBBER DUCKS,Home Decor
21630,FLOOR CUSHION ELEPHANT CARNIVAL,Home Decor
21580,RABBIT  DESIGN  COTTON TOTE BAG,Fashion & Accessories
22231,JIGSAW TREE WITH BIRDHOUSE,Seasonal & Party
22859,EASTER TIN BUNNY BOUQUET,Kitchen & Dining
22860,EASTER TIN CHICKS PINK DAISY,Kitchen & Dining
22093,MOTORING TISSUE BOX,Storage & Organization
20748,KENSINGTON COFFEE SET,Home Decor
85208,SET/12 FUNKY FELT FLOWER PEG IN BAG,Fashion & Accessories
22129,PARTY CONES CANDY TREE DECORATION,Seasonal & Party
22808,SET OF 6 T-LIGHTS EASTER CHICKS,Seasonal & Party
20702,PINK PADDED MOBILE,Home Decor
85187,S/12 MINI RABBIT EASTER,Seasonal & Party
21683,MEDIUM MEDINA STAMPED METAL BOWL ,Kitchen & Dining
22770,MIRROR CORNICE,Home Decor
84563B,BLUE & WHITE BREAKFAST TRAY,Kitchen & Dining
79190A,RETRO PLASTIC 70'S TRAY,Kitchen & Dining
15034,PAPER POCKET TRAVELING FAN ,Stationery & Craft
85129B,BEADED CRYSTAL HEART GREEN SMALL,Home Decor
35924,HANGING FAIRY CAKE DECORATION,Kitchen & Dining
20671,BLUE TEATIME PRINT BOWL ,Kitchen & Dining
21904,HOUSE WRECKING METAL SIGN ,Home Decor
22843,BISCUIT TIN VINTAGE GREEN,Kitchen & Dining
22199,FRYING PAN RED RETROSPOT,Home Decor
84968A,SET OF 16 VINTAGE ROSE CUTLERY,Kitchen & Dining
37509,NEW ENGLAND MUG W GIFT BOX,Kitchen & Dining
47369A,PINK GREEN EMBROIDERY COSMETIC BAG,Fashion & Accessories
47369B,BLUE GREEN EMBROIDERY COSMETIC BAG,Fashion & Accessories
47367B,PAIR PADDED HANGERS PINK CHECK,Home Decor
21695,SMALL SILVER FLOWER CANDLE POT,Home Decor
84773,RED ROSE AND LACE C/COVER,Home Decor
21819,GLITTER CHRISTMAS STAR ,Seasonal & Party
22817,CARD SUKI BIRTHDAY,Stationery & Craft
16161U,WRAP SUKI AND FRIENDS,Stationery & Craft
22252,BIRDCAGE DECORATION TEALIGHT HOLDER,Home Decor
21401,BLUE PUDDING SPOON,Home Decor
84597C,RETRO PINK BALL ASHTRAY ,Home Decor
51020A,SUMMER FUN DESIGN SHOWER CAP,Bath & Beauty
51020B,STRIPY DESIGN SHOWER CAP,Bath & Beauty
21306,SET/4 DAISY MIRROR MAGNETS,Home Decor
21311,SET/4 BIRD MIRROR MAGNETS ,Home Decor
21307,SET/4 BUTTERFLY MIRROR MAGNETS,Home Decor
21277,FRENCH STYLE EMBOSSED HEART CABINET,Storage & Organization
22475,SKULL DESIGN TV DINNER TRAY,Kitchen & Dining
90200E,GREEN SWEETHEART BRACELET,Fashion & Accessories
90062,CARNIVAL BRACELET,Fashion & Accessories
21616,4 PEAR BOTANICAL DINNER CANDLES,Home Decor
37461,FUNKY MONKEY MUG,Kitchen & Dining
20659,ECONOMY LUGGAGE TAG,Fashion & Accessories
20985,HEART CALCULATOR,Home Decor
84596L,BISCUITS SMALL BOWL LIGHT BLUE,Kitchen & Dining
84596F,SMALL MARSHMALLOWS PINK BOWL,Kitchen & Dining
22346,PARTY PIZZA DISH GREEN POLKADOT,Seasonal & Party
22344,PARTY PIZZA DISH PINK POLKADOT,Seasonal & Party
85215,ASSORTED CHEESE FRIDGE MAGNETS,Home Decor
85062,PEARL CRYSTAL PUMPKIN T-LIGHT HLDR,Candles
22849,"BREAD BIN, DINER STYLE, MINT",Home Decor
22847,"BREAD BIN, DINER STYLE, IVORY",Home Decor
22984,CARD GINGHAM ROSE ,Stationery & Craft
85036C,ROSE 1 WICK MORRIS BOXED CANDLE,Home Decor
21202,DOLLY HONEYCOMB GARLAND,Home Decor
84531A,PINK KNITTED EGG COSY,Home Decor
84531B,BLUE KNITTED EGG COSY,Home Decor
21910,WAY OUT METAL SIGN ,Home Decor
22461,SAVOY ART DECO CLOCK,Home Decor
22833,HALL CABINET WITH 3 DRAWERS,Storage & Organization
22690,DOORMAT HOME SWEET HOME BLUE ,Home Decor
84881,BLUE WIRE SPIRAL CANDLE HOLDER,Home Decor
21613,S/12 VANILLA  BOTANICAL T-LIGHTS,Candles
21693,SMALL HAMMERED SILVER CANDLEPOT ,Home Decor
84809A,WHITE CHRYSANTHEMUMS ART FLOWER,Garden & Outdoor
79190D,RETRO PLASTIC DAISY TRAY,Kitchen & Dining
22157,ANGEL DECORATION WITH LACE PADDED,Seasonal & Party
84795B,SUNSET CHECK HAMMOCK,Home Decor
20771,CHRYSANTHEMUM  JOURNAL,Stationery & Craft
37327,ASSTD MULTICOLOUR CIRCLES MUG,Kitchen & Dining
85027L,FRENCH CHATEAU LARGE PLATTER ,Home Decor
85017C,ENVELOPE 50 CURIOUS IMAGES,Home Decor
16010,FOLDING CAMPING SCISSOR W/KNIF & S,Home Decor
35001W,HAND OPEN SHAPE DECO.WHITE,Home Decor
84707B,PINK JEWELLED MIRROR TRINKET TRAY,Home Decor
21167,WHITE SAGE INCENSE,Home Decor
51008,AFGHAN SLIPPER SOCK PAIR,Home Decor
21713,CITRONELLA CANDLE FLOWERPOT,Home Decor
20802,SMALL GLASS SUNDAE DISH CLEAR,Kitchen & Dining
22052,VINTAGE CARAVAN GIFT WRAP,Stationery & Craft
20781,GOLD EAR MUFF HEADPHONES,Home Decor
22389,PAPERWEIGHT SAVE THE PLANET,Home Decor
22073,RED RETROSPOT STORAGE JAR,Kitchen & Dining
20716,PARTY FOOD SHOPPER BAG,Seasonal & Party
20782,CAMOUFLAGE EAR MUFF HEADPHONES,Home Decor
20847,ZINC HEART LATTICE CHARGER LARGE,Home Decor
21291,SMALL POLKADOT CHOCOLATE GIFT BAG ,Fashion & Accessories
21319,GLASS CHALICE GREEN  SMALL ,Kitchen & Dining
21359,RELAX LARGE WOOD LETTERS,Home Decor
21397,BLUE POLKADOT EGG CUP ,Kitchen & Dining
21627,ELEPHANT CARNIVAL POUFFE,Home Decor
21632,VINTAGE PINK DECORATIVE PARASOL,Home Decor
22106,MIRROR MOSAIC HURRICANE LAMP ,Home Decor
22108,PING! MICROWAVE PLATE,Kitchen & Dining
22221,CAKE STAND LOVEBIRD 2 TIER PINK,Kitchen & Dining
22223,CAKE PLATE LOVEBIRD PINK,Kitchen & Dining
22282,12 EGG HOUSE PAINTED WOOD,Home Decor
22329,ROUND CONTAINER SET OF 5 RETROSPOT,Home Decor
22416,SET OF 36 DOILIES SPACEBOY DESIGN ,Home Decor
22613,PACK OF 20 SPACEBOY NAPKINS,Home Decor
35648,VINTAGE BEAD PINK PURSE ,Fashion & Accessories
35651,VINTAGE BEAD PINK SCARF ,Fashion & Accessories
37447,CERAMIC CAKE DESIGN SPOTTED PLATE,Kitchen & Dining
46118,FUNKY MONKEY CUSHION COVER,Home Decor
46776C,WOVEN FROST CUSHION COVER,Home Decor
46776E,WOVEN CANDY CUSHION COVER ,Home Decor
62094B,TURQ ICE CREAM BUM BAG ,Fashion & Accessories
84078A,SET/4 WHITE RETRO STORAGE CUBES ,Storage & Organization
84228,HEN HOUSE W CHICK STANDING,Home Decor
84568,GIRLS ALPHABET IRON ON PATCHES ,Home Decor
84789,ENCHANTED BIRD PLANT CAGE,Garden & Outdoor
84813,SET OF 4 DIAMOND NAPKIN RINGS,Kitchen & Dining
85093,CANDY SPOT EGG WARMER HARE,Home Decor
85096,HILDA CANDY SPOT RABBIT,Home Decor
85202,HANGING WOOD AND FELT HEART,Home Decor
85204,HANGING WOOD AND FELT FLOWER,Garden & Outdoor
90001D,ANTIQUE OLIVE GREEN FLOWER EARRINGS,Garden & Outdoor
90013C,GREEN VINTAGE EARRINGS ,Home Decor
90014B,GOLD M PEARL  ORBIT NECKLACE,Fashion & Accessories
90085,CRYSTAL STILETTO PHONE CHARM,Home Decor
90132,LIGHT TOPAZ TEAL/AQUA COL NECKLACE,Fashion & Accessories
90140,PINK SWEETIE NECKLACE,Fashion & Accessories
90141B,IVORY PENDANT TRIPLE SHELL NECKLACE,Fashion & Accessories
90158,ST TROPEZ NECKLACE,Fashion & Accessories
90183A,AMBER DROP EARRINGS W LONG BEADS,Home Decor
90183B,AMETHYST DROP EARRINGS W LONG BEADS,Home Decor
90201B,BLACK ENAMEL FLOWER RING,Fashion & Accessories
90212B,JET BLACK LAS VEGAS BRACELET ROUND,Fashion & Accessories
84712B,PINK JEWELLED PHOTO FRAME,Home Decor
22279,POCKET BAG BLUE PAISLEY RED SPOT,Fashion & Accessories
22280,POCKET BAG PINK PAISELY BROWN SPOT,Fashion & Accessories
22377,BOTTLE BAG RETROSPOT ,Kitchen & Dining
22495,SET OF 2 ROUND TINS CAMEMBERT ,Home Decor
22521,CHILDS GARDEN TROWEL PINK,Garden & Outdoor
22523,CHILDS GARDEN FORK PINK,Garden & Outdoor
22677,FRENCH BLUE METAL DOOR SIGN 2,Home Decor
22682,FRENCH BLUE METAL DOOR SIGN 7,Home Decor
22715,CARD WEDDING DAY,Stationery & Craft
21253,SET OF PICTURE FRAME  STICKERS,Home Decor
21265,PINK GOOSE FEATHER TREE 60CM,Seasonal & Party
21389,IVORY HANGING DECORATION  BIRD,Garden & Outdoor
21391,FRENCH LAVENDER SCENT HEART,Home Decor
21403,BLUE EGG  SPOON,Home Decor
21534,DAIRY MAID LARGE MILK JUG,Kitchen & Dining
21618,4 WILDFLOWER BOTANICAL CANDLES,Home Decor
21812,GARLAND WITH HEARTS AND BELLS,Home Decor
21847,GREEN  DIAMANTE PEN IN GIFT BOX,Stationery & Craft
21943,CAKES AND RABBITS DESIGN FLANNEL ,Home Decor
22104,MIRROR MOSAIC CANDLE PLATE,Home Decor
22322,BIRD DECORATION GREEN POLKADOT,Garden & Outdoor
22340,NOEL GARLAND PAINTED ZINC ,Home Decor
35833G,4 GOLD FLOCK CHRISTMAS BALLS,Seasonal & Party
35916A,YELLOW FELT HANGING HEART W FLOWER,Garden & Outdoor
46776A,WOVEN BUBBLE GUM CUSHION COVER,Home Decor
72351B,SET/6 PINK  BUTTERFLY T-LIGHTS,Candles
84459A,PINK METAL CHICKEN HEART ,Home Decor
84637,KITCHEN FLOWER POTS WALL PLAQUE,Home Decor
85039B,S/4 IVORY MINI ROSE CANDLE IN BOWL,Home Decor
85039C,S/4 BLACK MINI ROSE CANDLE IN BOWL,Home Decor
85131C,BEADED CRYSTAL HEART BLUE ON STICK,Home Decor
90010E,AMBER GLASS/SILVER BRACELET,Kitchen & Dining
90039C,FIRE POLISHED GLASS BRACELET BLACK,Kitchen & Dining
90056,CHUNKY CRACKED GLAZE NECKLACE IVORY,Fashion & Accessories
90081C,LILY BROOCH OLIVE COLOUR,Fashion & Accessories
90101,WHITE FRANGIPANI NECKLACE,Fashion & Accessories
90130B,TURQ STONE/CRYSTAL EARRINGS,Home Decor
90130C,GREEN STONE/CRYSTAL EARRINGS,Home Decor
15044C,PURPLE PAPER PARASOL,Stationery & Craft
20762,GREEN FERN SKETCHBOOK ,Home Decor
20803,SMALL PINK GLASS SUNDAE DISH,Kitchen & Dining
18007,ESSENTIAL BALM 3.5g TIN IN ENVELOPE,Kitchen & Dining
21720,CAKE SHOP  STICKER SHEET,Kitchen & Dining
22952,72 CAKE CASES VINTAGE CHRISTMAS,Seasonal & Party
84968F,SET OF 16 VINTAGE SKY BLUE CUTLERY,Kitchen & Dining
21289,LARGE STRIPES CHOCOLATE GIFT BAG,Fashion & Accessories
22606,WOODEN SKITTLES GARDEN SET,Toys & Kids
37479B,CUBIC MUG FLOCK BLUE ON BROWN,Kitchen & Dining
37482P,CUBIC MUG PINK POLKADOT,Kitchen & Dining
20903,VINTAGE KEEPSAKE BOX TRAVELOGUE,Storage & Organization
20897,VINTAGE NOTEBOOK PARIS DAYS,Stationery & Craft
71403,"PINK/WHITE ""KEEP CLEAN"" BULLET BIN",Home Decor
22683,FRENCH BLUE METAL DOOR SIGN 8,Home Decor
22685,FRENCH BLUE METAL DOOR SIGN 0,Home Decor
21973,SET OF 36 MUSHROOM PAPER DOILIES,Stationery & Craft
22691,DOORMAT WELCOME SUNRISE,Home Decor
21162,TOXIC AREA  DOOR HANGER ,Storage & Organization
84926D,LA PALMIERA TILE COASTER,Kitchen & Dining
22233,JIGSAW RABBIT AND BIRDHOUSE,Home Decor
22486,PLASMATRONIC LAMP,Lighting & Electrical
72801G,4 BURGUNDY WINE DINNER CANDLES,Home Decor
84711A,SILVER OVAL SHAPE TRINKET BOX,Storage & Organization
16169N,WRAP BLUE RUSSIAN FOLKART,Stationery & Craft
20769,DAISY JOURNAL ,Stationery & Craft
35597A,DUSTY PINK CHRISTMAS TREE 30CM,Seasonal & Party
47480,HANGING PHOTO CLIP ROPE LADDER,Toys & Kids
84522,PINK PARTY SUNGLASSES,Seasonal & Party
20731,POSY CANDY BAG,Fashion & Accessories
35597B,BLACKCHRISTMAS TREE 30CM,Seasonal & Party
84596B,SMALL DOLLY MIX DESIGN ORANGE BOWL,Kitchen & Dining
21226,POCKET MIRROR WOODLAND,Home Decor
79160,HEART SHAPE WIRELESS DOORBELL,Home Decor
72131,COLUMBIAN CANDLE RECTANGLE,Home Decor
21089,SET/6 GREEN SPRING PAPER CUPS,Stationery & Craft
21647,ASSORTED TUTTI FRUTTI LARGE PURSE,Fashion & Accessories
72122,COFFEE SCENT PILLAR CANDLE,Home Decor
84912A,PINK ROSE WASHBAG,Home Decor
85036A,GARDENIA 1 WICK MORRIS BOXED CANDLE,Home Decor
21692,SILVER LATTICE VANILLA CANDLE POT,Home Decor
84569A,PACK 3 IRON ON DOG PATCHES,Home Decor
20775,DAISY NOTEBOOK ,Stationery & Craft
90179C,BLACK FINE BEAD NECKLACE W TASSEL,Fashion & Accessories
90060D,FIRE POLISHED GLASS NECKL BRONZE,Kitchen & Dining
85020,ROUND PINK HEART MIRROR,Home Decor
20861,GOLD COSMETIC BAG PINK STAR,Fashion & Accessories
21827,EIGHT PIECE CREEPY CRAWLIE SET,Home Decor
79051A,SMOKEY GREY COLOUR D.O.F. GLASS,Kitchen & Dining
17007B,S/3 POT POURI CUSHIONS BLUE COLOURS,Home Decor
22700,BLACK AND WHITE DOG BOWL,Kitchen & Dining
10124A,SPOTS ON RED BOOKCOVER TAPE,Stationery & Craft
21644,ASSORTED TUTTI FRUTTI HEART BOX,Storage & Organization
46000P,POLYESTER FILLER PAD 65CMx65CM,Home Decor
22681,FRENCH BLUE METAL DOOR SIGN 6,Home Decor
21746,SMALL RED RETROSPOT WINDMILL,Garden & Outdoor
84916,HAND TOWEL PALE BLUE W FLOWERS,Bath & Beauty
40005B,BLUE ORGANDY ROUND LAMPSHADE W BEA,Home Decor
18094C,WHITE AND BLUE CERAMIC OIL BURNER,Home Decor
22085,PAPER CHAIN KIT SKULLS ,Stationery & Craft
47586A,PINK FAIRY CAKE CUSHION COVER,Home Decor
46115B,GREEN POP ART MAO CUSHION COVER ,Home Decor
84975,HEART SHAPED MIRROR,Home Decor
21336,GOLD WASHBAG,Home Decor
22050,PINK PAISLEY ROSE GIFT WRAP,Stationery & Craft
21680,WOODLAND  STICKERS,Home Decor
20819,SILVER TEDDY BEAR,Home Decor
84925F,PSYCHEDELIC WALL THERMOMETER,Garden & Outdoor
22535,MAGIC DRAWING SLATE BUNNIES ,Home Decor
16169K,WRAP FOLK ART,Stationery & Craft
21001,ROSE DU SUD WASHBAG ,Home Decor
21028,NINJA RABBIT BLACK,Home Decor
21171,BATHROOM METAL SIGN ,Home Decor
21204,DAISIES  HONEYCOMB GARLAND ,Home Decor
21222,SET/4 BADGES BEETLES,Home Decor
21251,DINOSAUR HEIGHT CHART STICKER SET,Stationery & Craft
21375,LARGE CAMPHOR WOOD FIELD MUSHROOM ,Home Decor
21595,Dad's Cab Electronic Meter,Home Decor
22101,MIRROR MOSAIC VOTIVE HOLDER,Home Decor
35914,PINK CHICK EGG WARMER + EGG CUP,Kitchen & Dining
37462E,"PET MUG, GOLDFISH",Kitchen & Dining
37474,SET/4 2 TONE EGG SHAPE MIXING BOWLS,Home Decor
47481,50CM METAL STRING WITH  7 CLIPS,Home Decor
84313B,BLUE TV TRAY TABLE ,Kitchen & Dining
84422,PINK/BLUE DISC/MIRROR STRING,Home Decor
84429A,MEDIUM PINK BUDDHA HEAD ,Home Decor
84509C,SET OF 4 POLKADOT PLACEMATS ,Kitchen & Dining
84510C,SET OF 4 POLKADOT COASTERS,Home Decor
84840,SWEETHEART CARRY-ALL BASKET,Storage & Organization
84917,WHITE HAND TOWEL WITH BUTTERFLY,Bath & Beauty
85087,CANDY SPOT CUSHION COVER,Home Decor
85094,CANDY SPOT EGG WARMER RABBIT,Home Decor
85125,SMALL ROUND CUT GLASS CANDLESTICK,Kitchen & Dining
90013A,MIDNIGHT BLUE VINTAGE EARRINGS,Fashion & Accessories
90059A,DIAMANTE HAIR GRIP PACK/2 CRYSTAL,Fashion & Accessories
90073,VINTAGE ENAMEL & CRYSTAL EARRINGS,Fashion & Accessories
90074,BLACK DIAMOND CLUSTER NECKLACE,Fashion & Accessories
90104,PURPLE FRANGIPANI HAIRCLIP,Fashion & Accessories
90129C,GREEN GLASS TASSLE BAG CHARM,Kitchen & Dining
90129D,AMBER GLASS TASSLE BAG CHARM,Kitchen & Dining
90129E,PURPLE GLASS TASSLE BAG CHARM,Kitchen & Dining
90160C,TURQ+RED BOUDICCA LARGE BRACELET,Fashion & Accessories
90161D,ANT COPPER PINK BOUDICCA BRACELET,Fashion & Accessories
90175B,PINK GLASS CHUNKY CHARM BRACELET,Kitchen & Dining
90177D,DROP DIAMANTE EARRINGS PURPLE,Fashion & Accessories
90184C,BLACK CHUNKY BEAD BRACELET W STRAP,Fashion & Accessories
90185A,AMBER DIAMANTE EXPANDABLE RING,Fashion & Accessories
90208,PAIR OF PINK FLOWER CLUSTER SLIDE,Garden & Outdoor
15044D,RED PAPER PARASOL,Stationery & Craft
84707A,SILVER JEWELLED MIRROR TRINKET TRAY,Home Decor
21617,4 LILY  BOTANICAL DINNER CANDLES,Candles
22693,GROW A FLYTRAP OR SUNFLOWER IN TIN,Kitchen & Dining
35646,VINTAGE BEAD PINK EVENING BAG,Fashion & Accessories
47574A,ENGLISH ROSE SCENTED HANGING FLOWER,Garden & Outdoor
71279,PINK GLASS CANDLEHOLDER,Kitchen & Dining
72819,CUPID DESIGN SCENTED CANDLES,Candles
84665,SQUARE CHERRY BLOSSOM CABINET,Storage & Organization
20857,BLUE ROSE PATCH PURSE PINK BUTTERFL,Fashion & Accessories
22498,WOODEN REGATTA BUNTING,Toys & Kids
84725,FREESTYLE CANVAS ART PICTURE,Home Decor
37479P,CUBIC MUG FLOCK PINK ON BROWN,Kitchen & Dining
17038,PORCELAIN BUDAH INCENSE HOLDER,Home Decor
84388,WISE MAN STAR SHAPE EGG PAN,Kitchen & Dining
17084J,LOVE POTION MASALA INCENSE,Home Decor
84968D,SET OF 16 VINTAGE RED CUTLERY,Kitchen & Dining
22211,WOOD STAMP SET FLOWERS,Stationery & Craft
22903,CALENDAR FAMILY FAVOURITES,Stationery & Craft
22026,BANQUET BIRTHDAY  CARD  ,Stationery & Craft
37340,MULTICOLOUR SPRING FLOWER MUG,Kitchen & Dining
16052,TEATIME PUSH DOWN RUBBER,Stationery & Craft
16219,HOUSE SHAPE PENCIL SHARPENER,Stationery & Craft
20763,DAISY SKETCHBOOK ,Stationery & Craft
20801,LARGE PINK GLASS SUNDAE DISH,Kitchen & Dining
20892,SET/3 TALL GLASS CANDLE HOLDER PINK,Home Decor
21316,SMALL CHUNKY GLASS ROMAN  BOWL,Kitchen & Dining
21666,RIDGED GLASS T-LIGHT HOLDER,Candles
22293,HANGING CHICK GREEN DECORATION,Home Decor
22608,PENS ASSORTED FUNKY JEWELED ,Stationery & Craft
22789,T-LIGHT HOLDER SWEETHEART HANGING,Candles
22880,NUMBER TILE VINTAGE FONT 1,Home Decor
22883,NUMBER TILE VINTAGE FONT 4,Home Decor
22889,NUMBER TILE VINTAGE FONT No ,Home Decor
35809A,ENAMEL PINK TEA CONTAINER,Home Decor
35833P,4 PINK FLOCK CHRISTMAS BALLS,Seasonal & Party
37500,TEA TIME TEAPOT IN GIFT BOX,Kitchen & Dining
37501,TEA TIME TEA SET IN GIFT BOX,Storage & Organization
79144C,PAINTED LIGHTBULB RAINBOW DESIGN,Home Decor
85130B,BEADED CRYSTAL HEART GREEN LARGE,Home Decor
85170C,SET/6 EAU DE NIL BIRD T-LIGHTS,Candles
90000B,MIDNIGHT BLUE COPPER FLOWER NECKLAC,Garden & Outdoor
90003B,ROSE COLOUR PAIR HEART HAIR SLIDES,Fashion & Accessories
90005A,JADE GREEN ENAMEL HAIR COMB,Fashion & Accessories
90019C,SILVER BLACK ORBIT BRACELET,Fashion & Accessories
90087,CRYSTAL SEA HORSE PHONE CHARM,Home Decor
90168,2 DAISIES HAIR COMB,Fashion & Accessories
90169,DAISY HAIR COMB,Fashion & Accessories
90187B,GREEN DROP EARRINGS W BEAD CLUSTER,Home Decor
90202C,GREEN ENAMEL FLOWER HAIR TIE,Fashion & Accessories
90210C,RED   ACRYLIC FACETED BANGLE,Home Decor
22528,GARDENERS KNEELING PAD,Home Decor
48189,DOORMAT FRIENDSHIP ,Home Decor
84989a,75 GREEN FAIRY CAKE CASES,Kitchen & Dining
15056n,EDWARDIAN PARASOL NATURAL,Home Decor
21410,COUNTRY COTTAGE  DOORSTOP GREEN,Home Decor
22516,CHILDS GARDEN RAKE BLUE,Garden & Outdoor
84559b,3D SHEET OF CAT STICKERS,Home Decor
84660c,PINK STITCHED WALL CLOCK,Home Decor
85114c,RED ENCHANTED FOREST PLACEMAT,Kitchen & Dining
85173,SET/6 FROG PRINCE T-LIGHT CANDLES,Candles
22513,DOORSTOP FOOTBALL DESIGN,Home Decor
72351a,SET/6 TURQUOISE BUTTERFLY T-LIGHTS,Candles
84510c,SET OF 4 POLKADOT COASTERS,Home Decor
84596b,SMALL DOLLY MIX DESIGN ORANGE BOWL,Kitchen & Dining
85035c,ROSE 3 WICK MORRIS BOX CANDLE,Home Decor
85119,WATERING CAN SINGLE HOOK PISTACHIO,Garden & Outdoor
85132a,CHARLIE + LOLA BISCUITS TINS,Home Decor
22679,FRENCH BLUE METAL DOOR SIGN 4,Home Decor
22875,NUMBER TILE COTTAGE GARDEN 7,Garden & Outdoor
47570b,TEA TIME TABLE CLOTH,Home Decor
84558a,3D DOG PICTURE PLAYING CARDS,Home Decor
21689,SILVER VANILLA  FLOWER CANDLE POT,Home Decor
84247E,PACK/12 XMAS FUN CARD,Stationery & Craft
85170B,SET/6 BLACK BIRD T-LIGHT CANDLES,Candles
85170A,SET/6 IVORY BIRD T-LIGHT CANDLES,Candles
85059,FRENCH ENAMEL WATER BASIN,Home Decor
84497,BUTTONS AND STRIPES NOTEBOOK ,Stationery & Craft
85026B,EAU DE NILE JEWELLED T-LIGHT HOLDER,Candles
90175D,TIGRIS EYE CHUNKY CHARM BRACELET,Fashion & Accessories
22512,DOORSTOP RACING CAR DESIGN,Home Decor
22611,VINTAGE UNION JACK SHOPPING BAG,Fashion & Accessories
22873,NUMBER TILE COTTAGE GARDEN 5,Garden & Outdoor
37467,PIG MUG IN TWO COLOUR DESIGNS,Kitchen & Dining
84251B,"GREETING CARD, STICKY GORDON",Stationery & Craft
84927D,LA PALMIERA TILE HOOK,Storage & Organization
85040A,S/4 PINK FLOWER CANDLES IN BOWL,Kitchen & Dining
85213,MINI  ZINC GARDEN DECORATIONS ,Garden & Outdoor
90001C,ANTIQUE OPAL WHITE FLOWER EARRINGS,Garden & Outdoor
90019A,SILVER M.O.P ORBIT BRACELET,Fashion & Accessories
90023,FILIGREE DIAMANTE EARRINGS,Home Decor
90027A,GLASS BEAD HOOP EARRINGS BLACK,Kitchen & Dining
90170,DAISY HAIR BAND,Fashion & Accessories
90186B,CRYSTAL HOOP EARRING FLORAL LEAF,Fashion & Accessories
90198A,VINTAGE ROSE BEAD BRACELET RASPBERR,Fashion & Accessories
90211B,JET BLACK LAS VEGAS NECKLACE 45CM,Fashion & Accessories
90214K,"LETTER ""K"" BLING KEY RING",Fashion & Accessories
90214P,"LETTER ""P"" BLING KEY RING",Fashion & Accessories
90214Z,"LETTER ""Z"" BLING KEY RING",Fashion & Accessories
20663,QUEEN OF THE SKIES HOLIDAY PURSE ,Fashion & Accessories
20794,BLUE  TILE HOOK,Storage & Organization
21269,ANTIQUE CREAM CUTLERY SHELF ,Kitchen & Dining
21792,CLASSIC FRENCH STYLE BASKET GREEN ,Storage & Organization
90212C,PURPLE LAS VEGAS BRACELET ROUND,Fashion & Accessories
22708,WRAP DOLLY GIRL,Stationery & Craft
22048,BIRTHDAY BANQUET GIFT WRAP,Stationery & Craft
22057,CERAMIC PLATE STRAWBERRY DESIGN,Kitchen & Dining
22930,BAKING MOULD HEART MILK CHOCOLATE,Kitchen & Dining
22931,BAKING MOULD HEART WHITE CHOCOLATE,Kitchen & Dining
22932,BAKING MOULD TOFFEE CUP CHOCOLATE,Kitchen & Dining
22937,BAKING MOULD CHOCOLATE CUPCAKES,Kitchen & Dining
22710,WRAP I LOVE LONDON ,Stationery & Craft
22051,BLUE SCANDINAVIAN PAISLEY WRAP,Stationery & Craft
22936,BAKING MOULD ROSE WHITE CHOCOLATE,Kitchen & Dining
22935,BAKING MOULD ROSE MILK CHOCOLATE,Kitchen & Dining
47348A,FUSCHIA VOILE POINTY SHOE DEC,Home Decor
21686,MEDINA STAMPED METAL STOOL,Home Decor
85024C,PINK SMALL JEWELLED PHOTOFRAME,Home Decor
71038,WHITE HANGING BEADS CANDLE HOLDER,Home Decor
84613C,BLUE NEW BAROQUE FLOCK CANDLESTICK,Home Decor
84910A,PINK PAISLEY CUSHION COVER ,Home Decor
21246,RED RETROSPOT BIG BOWL,Kitchen & Dining
21376,LARGE  TALL CAMPHOR WOOD TOADSTOOL ,Home Decor
20618,QUEEN OF THE SKIES PASSPORT COVER ,Home Decor
47420,ASSORTED COLOUR SUCTION CUP HOOK,Kitchen & Dining
22510,GINGHAM BABUSHKA DOORSTOP,Home Decor
48116,DOORMAT MULTICOLOUR STRIPE,Home Decor
72709,IVORY SCULPTED RND CANDLE ,Home Decor
72132,COLUMBIAN CUBE CANDLE,Home Decor
85118,HEART T-LIGHT HOLDER,Candles
35968,FOLK ART METAL HEART T-LIGHT HOLDER,Candles
22063,CERAMIC BOWL WITH STRAWBERRY DESIGN,Kitchen & Dining
90184B,AMETHYST CHUNKY BEAD BRACELET W STR,Fashion & Accessories
90184A,AMBER CHUNKY BEAD BRACELET W STRAP,Fashion & Accessories
84415B,BLUE FLOCK CUSHION COVER ,Home Decor
20906,VINTAGE NOTEBOOK BEAUTY GIRL,Stationery & Craft
21275,ZINC TOP  2 DOOR WOODEN SHELF ,Toys & Kids
71495B,CD WALL TIDY RED FLOWERS,Storage & Organization
78124,MAGAZINE RACK GEBRA ASSORTED ,Home Decor
79403,FROSTED WHITE BASE ,Home Decor
84251G,"GREETING CARD, OVERCROWDED POOL.",Stationery & Craft
90034,WHITE SILVER NECKLACE SHELL GLASS,Kitchen & Dining
90040C,MURANO STYLE GLASS BRACELET GOLD,Kitchen & Dining
90059D,DIAMANTE HAIR GRIP PACK/2 PERIDOT,Fashion & Accessories
90089,PINK CRYSTAL SKULL PHONE CHARM,Home Decor
90120A,PINK MURANO TWIST BRACELET,Fashion & Accessories
90201D,GREEN ENAMEL FLOWER RING,Fashion & Accessories
17013D,ORIGAMI ROSE INCENSE IN TUBE,Home Decor
17096,ASSORTED LAQUERED INCENSE HOLDERS,Home Decor
21285,RETROSPOT CANDLE  MEDIUM,Home Decor
21442,GREEN BIRDHOUSE DECORATION,Home Decor
21717,EASTER TIN BUCKET,Kitchen & Dining
21749,LARGE RED RETROSPOT WINDMILL,Garden & Outdoor
21750,LARGE SKULL WINDMILL,Garden & Outdoor
22538,MINI JIGSAW GO TO THE FAIR,Home Decor
22541,MINI JIGSAW LEAP FROG,Home Decor
22647,CERAMIC LOVE HEART MONEY BANK,Home Decor
22145,CHRISTMAS CRAFT HEART STOCKING ,Seasonal & Party
85230G,ORANGE VOTIVE CANDLE,Home Decor
71215,METAL BASE FOR CANDLES,Home Decor
20695,FLORAL BLUE MONSTER,Home Decor
22820,GIFT BAG BIRTHDAY,Seasonal & Party
84952A,CLEAR LOVE BIRD T-LIGHT HOLDER,Candles
84706D,CHERRY BLOSSOM TABLE CLOCK ,Home Decor
22828,REGENCY MIRROR WITH SHUTTERS,Home Decor
22591,CARDHOLDER GINGHAM CHRISTMAS TREE,Seasonal & Party
22703,PINK CAT BOWL,Kitchen & Dining
84247L,FAWN AND MUSHROOM GREETING CARD,Stationery & Craft
22937,BAKING MOULD CHOCOLATE CUP CAKES,Kitchen & Dining
22698,PINK REGENCY TEACUP AND SAUCER,Home Decor
84875B,GREEN SQUARE COMPACT MIRROR,Home Decor
84876D,BLUE HEART COMPACT MIRROR,Home Decor
84192,ASSORTED COLOUR METAL CAT ,Home Decor
21628,TRIANGULAR POUFFE VINTAGE ,Home Decor
22254,FELT TOADSTOOL LARGE,Home Decor
21615,4 LAVENDER BOTANICAL DINNER CANDLES,Home Decor
22236,CAKE STAND 3 TIER MAGIC GARDEN,Kitchen & Dining
22933,BAKING MOULD EASTER EGG MILK CHOC,Kitchen & Dining
22689,DOORMAT MERRY CHRISTMAS RED ,Seasonal & Party
85107,CUT GLASS T-LIGHT HOLDER OCTAGON,Candles
21382,SET/4 SPRING FLOWER DECORATION,Garden & Outdoor
44235,ASS COL CIRCLE MOBILE ,Home Decor
40003,WHITE BAMBOO RIBS LAMPSHADE,Home Decor
79190B,RETRO PLASTIC POLKA TRAY,Kitchen & Dining
90036D,"FLOWER GLASS GARLAND NECKL.36""BLACK",Kitchen & Dining
21120,*Boombox Ipod Classic,Home Decor
21264,WHITE GOOSE FEATHER TREE 60CM ,Seasonal & Party
21284,RETROSPOT CANDLE  SMALL,Home Decor
22201,FRYING PAN BLUE POLKADOT,Home Decor
22269,EGG CUP NATURAL CHICKEN,Kitchen & Dining
22526,WHEELBARROW FOR CHILDREN ,Home Decor
84012,MAGIC SHEEP WOOL GROWING FROM PAPER,Stationery & Craft
85180B,PINK HEARTS LIGHT CHAIN ,Lighting & Electrical
90030B,RED KUKUI COCONUT SEED NECKLACE,Fashion & Accessories
90030C,BROWN KUKUI COCONUT SEED NECKLACE,Fashion & Accessories
90039B,FIRE POLISHED GLASS BRACELET MONTAN,Kitchen & Dining
90039D,FIRE POLISHED GLASS BRACELET GREEN,Kitchen & Dining
90093,CLEAR CRYSTAL STAR PHONE CHARM,Home Decor
90128A,PINK LEAVES AND BEADS PHONE CHARM,Home Decor
90128C,GREEN LEAVES AND BEADS PHONE CHARM,Home Decor
90128D,PURPLE LEAVES AND BEADS PHONE CHAR,Home Decor
90161C,ANT COPPER LIME BOUDICCA BRACELET,Fashion & Accessories
90174,BUTTERFLY HAIR BAND,Fashion & Accessories
90188,DROP EARRINGS W FLOWER & LEAF,Garden & Outdoor
90214O,"LETTER ""O"" BLING KEY RING",Fashion & Accessories
DCGS0076,SUNJAR LED NIGHT NIGHT LIGHT,Lighting & Electrical
16015,MEDIUM CHINESE STYLE SCISSOR,Home Decor
16008,SMALL FOLDING SCISSOR(POINTED EDGE),Home Decor
37444B,BLUE BREAKFAST CUP AND SAUCER ,Kitchen & Dining
37333,"RETRO ""TEA FOR ONE"" ",Kitchen & Dining
20778,GARDEN PATH NOTEBOOK ,Stationery & Craft
20758,ABSTRACT CIRCLES POCKET BOOK,Home Decor
21535,RED RETROSPOT SMALL MILK JUG,Kitchen & Dining
22319,HAIRCLIPS FORTIES FABRIC ASSORTED,Fashion & Accessories
22824,3 TIER SWEETHEART GARDEN SHELF,Garden & Outdoor
21132,SILVER STANDING GNOME   ,Garden & Outdoor
84818,DANISH ROSE PHOTO FRAME,Home Decor
90033,IVORY SHELL HEART EARRINGS,Fashion & Accessories
84843,WHITE SOAP RACK WITH 2 BOTTLES,Bath & Beauty
85032A,ROMANTIC IMAGES GIFT WRAP SET,Stationery & Craft
85032C,CURIOUS IMAGES GIFT WRAP SET,Stationery & Craft
35809a,ENAMEL PINK TEA CONTAINER,Home Decor
79066k,RETRO MOD TRAY,Kitchen & Dining
84536b,FAIRY CAKES NOTEBOOK A7 SIZE,Stationery & Craft
84968a,SET OF 16 VINTAGE ROSE CUTLERY,Kitchen & Dining
21144,PINK POODLE HANGING DECORATION ,Home Decor
21317,GLASS SPHERE CANDLE STAND MEDIUM,Home Decor
72815,3 WICK CHRISTMAS BRIAR CANDLE ,Seasonal & Party
84510a,SET OF 4 ENGLISH ROSE COASTERS,Home Decor
84968e,SET OF 16 VINTAGE BLACK CUTLERY,Kitchen & Dining
85035a,GARDENIA 3 WICK MORRIS BOXED CANDLE,Home Decor
22885,NUMBER TILE VINTAGE FONT 6 ,Home Decor
84660b,BLACK STITCHED WALL CLOCK,Home Decor
84356,POMPOM CURTAIN,Home Decor
47578A,ENGLISH ROSE SMALL SCENTED FLOWER,Garden & Outdoor
21562,HAWAIIAN GRASS SKIRT ,Home Decor
22856,ASSORTED EASTER DECORATIONS  BELLS,Seasonal & Party
22934,BAKING MOULD EASTER EGG WHITE CHOC,Kitchen & Dining
16048,TEATIME ROUND PENCIL SHARPENER ,Stationery & Craft
20932,PINK POT PLANT CANDLE,Home Decor
22263,FELT EGG COSY LADYBIRD ,Home Decor
46776F,WOVEN ROSE GARDEN CUSHION COVER ,Home Decor
84509E,SET OF 4 CAROUSEL PLACEMATS ,Kitchen & Dining
84510E,SET OF 4 GREEN CAROUSEL COASTERS,Home Decor
84748,FOLK FELT HANGING MULTICOL GARLAND,Home Decor
90070,RUBY GLASS CLUSTER BRACELET,Kitchen & Dining
90147,CHUNKY SILVER NECKLACE PASTEL FLOWE,Fashion & Accessories
90201C,RED ENAMEL FLOWER RING,Fashion & Accessories
37475,SET/4 COLOURFUL MIXING BOWLS,Home Decor
84951A,SET OF 4 PISTACHIO LOVEBIRD COASTER,Kitchen & Dining
84951B,SET OF 4 BLACK LOVEBIRD COASTERS,Home Decor
22053,EMPIRE DESIGN ROSETTE,Home Decor
21131,GOLD STANDING GNOME,Home Decor
20654,FIRST CLASS LUGGAGE TAG ,Fashion & Accessories
17165D,ASS COL LARGE SAND FROG P'WEIGHT,Home Decor
22291,HANGING CHICK CREAM DECORATION,Bath & Beauty
15058A,BLUE POLKADOT GARDEN PARASOL,Garden & Outdoor
20868,SILVER FABRIC MIRROR,Home Decor
84820,DANISH ROSE TRINKET TRAYS,Home Decor
85006,SET 4 NURSERY DES ROUND BOXES,Home Decor
84821,DANISH ROSE DELUXE COASTER,Kitchen & Dining
84638,SMALL KITCHEN FLOWER POTS PLAQUE,Home Decor
22229,BUNNY WOODEN PAINTED WITH FLOWER ,Toys & Kids
22228,BUNNY WOODEN PAINTED WITH BIRD ,Toys & Kids
16169P,WRAP GREEN RUSSIAN FOLKART ,Stationery & Craft
16054,POPART RECT PENCIL SHARPENER ASST,Stationery & Craft
84595E,LARGE TORTILLA DESIGN RED BOWL,Kitchen & Dining
35915B,BLUE KNITTED HEN ,Home Decor
85086A,CANDY SPOT HEART DECORATION,Home Decor
85084,HOLLY TOP CHRISTMAS STOCKING,Seasonal & Party
81950V,FLOWER PURPLE CLOCK W/SUCKER,Home Decor
22055,MINI CAKE STAND  HANGING STRAWBERY,Kitchen & Dining
84631,FRUIT TREE AND BIRDS WALL PLAQUE,Home Decor
84799,SPRIG LAVENDER ARTIFICIAL FLOWER,Garden & Outdoor
35004P,SET OF 3 PINK FLYING DUCKS,Home Decor
21454,PAINTED PINK RABBIT ,Home Decor
15058B,PINK POLKADOT GARDEN PARASOL,Garden & Outdoor
22391,PAPERWEIGHT HOME SWEET HOME,Home Decor
21318,GLASS CHALICE BLUE SMALL ,Kitchen & Dining
21418,STARFISH SOAP DISH,Bath & Beauty
21420,OYSTER TRINKET BOX,Storage & Organization
22286,"DECORATION , WOBBLY RABBIT , METAL ",Home Decor
22287,"DECORATION , WOBBLY CHICKEN, METAL ",Home Decor
35609A,PINK FEATHER CHRISTMAS DECORATION,Seasonal & Party
35610C,WHITE CHRISTMAS FLOCK DROPLET ,Seasonal & Party
46776D,WOVEN SUNSET CUSHION COVER ,Home Decor
84688,BEACH HUT DESIGN BLACKBOARD,Home Decor
84931A,PINK SCOTTIE DOG W FLOWER PATTERN,Garden & Outdoor
84968E,SET OF 16 VINTAGE BLACK CUTLERY,Kitchen & Dining
85211,S/4 GROOVY CAT MAGNETS,Home Decor
90031,BILI NUT AND WOOD NECKLACE,Fashion & Accessories
90040A,MURANO STYLE GLASS BRACELET RED,Kitchen & Dining
90125B,AQUA BERTIE GLASS BEAD BAG CHARM,Kitchen & Dining
90125D,PURPLE BERTIE GLASS BEAD BAG CHARM,Kitchen & Dining
DCGS0003,BOXED GLASS ASHTRAY,Kitchen & Dining
85230E,STRAWBRY SCENTED VOTIVE CANDLE,Home Decor
22826,LOVE SEAT ANTIQUE WHITE METAL,Home Decor
22852,DOG BOWL VINTAGE CREAM,Kitchen & Dining
22102,MIRROR MOSAIC T-LIGHT HOLDER ,Candles
16033,MINI HIGHLIGHTER PENS,Home Decor
20830,SILVER PHOTO FRAME,Home Decor
20831,GOLD PHOTO FRAME,Home Decor
90003D,CRYSTAL PAIR HEART HAIR SLIDES,Fashion & Accessories
90067A,PINK VINTAGE VICTORIAN EARRINGS,Home Decor
21378,SMALL TALL CAMPHOR WOOD TOADSTOOL,Home Decor
85032B,BLOSSOM IMAGES GIFT WRAP SET,Stationery & Craft
22857,ASSORTED EASTER GIFT TAGS,Seasonal & Party
22858,EASTER TIN KEEPSAKE,Kitchen & Dining
22861,EASTER TIN CHICKS IN GARDEN,Kitchen & Dining
22230,JIGSAW TREE WITH WATERING CAN,Seasonal & Party
22232,JIGSAW TOADSTOOLS 3 PIECE,Home Decor
20793,BLUE TILED TRAY,Kitchen & Dining
20664,TROPICAL HOLIDAY PURSE ,Fashion & Accessories
47593A,CAROUSEL PONIES BABY BIB,Home Decor
20670,VIP HOLIDAY PURSE,Fashion & Accessories
21946,PARTY TIME DESIGN FLANNEL,Seasonal & Party
20666,ECONOMY HOLIDAY PURSE,Fashion & Accessories
82605,OLD DOC RUSSEL METAL SIGN,Home Decor
85136B,BLUE SHARK HELICOPTER,Home Decor
84882,GREEN WIRE STANDING CANDLE HOLDER,Home Decor
85031A,ROMANTIC IMAGES SCRAP BOOK SET,Home Decor
16216,LETTER SHAPE PENCIL SHARPENER,Stationery & Craft
84660B,BLACK STITCHED WALL CLOCK,Home Decor
21248,DOOR HANGER  MUM + DADS ROOM,Storage & Organization
21736,GOLD SCROLL GLASS T-LIGHT HOLDER,Candles
84922,PINK BUTTERFLY WASHBAG,Home Decor
90036E,"FLOWER GLASS GARLD NECKL36""AMETHYST",Kitchen & Dining
90160A,PURPLE BOUDICCA LARGE BRACELET,Fashion & Accessories
90160B,RED BOUDICCA LARGE BRACELET,Fashion & Accessories
90160D,PINK BOUDICCA LARGE BRACELET,Fashion & Accessories
82011A,"BATHROOM SCALES, TROPICAL BEACH",Home Decor
85183A,CHARLIE & LOLA WASTEPAPER BIN BLUE,Home Decor
21194,PINK  HONEYCOMB PAPER FAN,Stationery & Craft
21972,SET OF 36 DINOSAUR PAPER DOILIES,Stationery & Craft
22281,EASTER TREE YELLOW BIRDS,Seasonal & Party
22887,NUMBER TILE VINTAGE FONT 8,Home Decor
84876B,GREEN HEART COMPACT MIRROR,Home Decor
90126A,PINK BERTIE MOBILE PHONE CHARM,Home Decor
90190B,GOLD/AMBER DROP EARRINGS W LEAF,Home Decor
35610B,BLACK CHRISTMAS FLOCK DROPLET ,Seasonal & Party
84927E,FLOWERS TILE HOOK,Storage & Organization
84816,DANISH ROSE BEDSIDE CABINET,Storage & Organization
90120D,WHITE MURANO TWIST BRACELET,Fashion & Accessories
22289,HANGING METAL CHICKEN DECORATION,Home Decor
20704,MR ROBOT SOFT TOY,Toys & Kids
20818,GOLD TEDDY BEAR,Home Decor
21199,PINK  HEART CONFETTI IN TUBE,Seasonal & Party
21293,MIRRORED DOVE WALL DECORATION,Home Decor
71495A,CD WALL TIDY BLUE OFFICE,Storage & Organization
84584,PINK GINGHAM CAT WITH SCARF,Fashion & Accessories
85179C,PINK BITTY LIGHT CHAIN,Lighting & Electrical
85188B,PINK METAL SWINGING BUNNY,Home Decor
90076,MONTANA DIAMOND CLUSTER EARRINGS,Home Decor
90164A,PINK ROSEBUD PEARL BRACELET,Fashion & Accessories
90164B,WHITE  ROSEBUD PEARL BRACELET,Fashion & Accessories
72780,BLACK SILOUETTE CANDLE PLATE,Home Decor
22954,HEN PARTY CORDON BARRIER TAPE,Stationery & Craft
22047,EMPIRE GIFT WRAP,Stationery & Craft
22214,CANDLE PLATE LACE WHITE,Home Decor
90162C,ANT SILVER FUSCHIA BOUDICCA RING,Fashion & Accessories
90078,PINK/WHITE GLASS DEMI CHOKER,Kitchen & Dining
90032,IVORY SHELL HEART NECKLACE,Fashion & Accessories
21331,MOROCCAN BEATEN METAL DISH LARGE,Home Decor
20848,ZINC HEART LATTICE CHARGER SMALL,Home Decor
20826,SILVER APERITIF GLASS,Kitchen & Dining
21145,ANTIQUE GLASS PLACE SETTING,Kitchen & Dining
22723,SET OF 6 HERB TINS SKETCHBOOK,Home Decor
22722,SET OF 6 SPICE TINS PANTRY DESIGN,Home Decor
22720,SET OF 3 CAKE TINS PANTRY DESIGN ,Kitchen & Dining
84575A,PINK DOG CANNISTER,Home Decor
84313C,ORANGE TV TRAY TABLE ,Kitchen & Dining
21473,SWEETHEART CREAM STEEL TABLE RECT,Bath & Beauty
90210A,GREY ACRYLIC FACETED BANGLE,Home Decor
21109,LARGE CAKE TOWEL CHOCOLATE SPOTS,Kitchen & Dining
84823,DANISH ROSE FOLDING CHAIR,Home Decor
90057,DIAMANTE RING ASSORTED IN BOX.,Fashion & Accessories
90210D,PURPLE ACRYLIC FACETED BANGLE,Home Decor
22656,VINTAGE BLUE KITCHEN CABINET,Storage & Organization
22782,SET 3 WICKER STORAGE BASKETS ,Storage & Organization
84766,SILVER ROCOCO CANDLE STICK,Home Decor
20860,GOLD COSMETICS BAG WITH BUTTERFLY,Fashion & Accessories
84711B,PINK OVAL SHAPE TRINKET BOX,Storage & Organization
84817,DANISH ROSE DECORATIVE PLATE,Kitchen & Dining
22932,BAKING MOULD TOFFEE CUP  CHOCOLATE,Kitchen & Dining
22937,BAKING MOULD CUPCAKE CHOCOLATE,Kitchen & Dining
22721,SET OF 3 CAKE TINS SKETCHBOOK,Kitchen & Dining
22711,WRAP CIRCUS PARADE,Stationery & Craft
22522,CHILDS GARDEN FORK BLUE ,Garden & Outdoor
22520,CHILDS GARDEN TROWEL BLUE ,Garden & Outdoor
22270,HAPPY EASTER HANGING DECORATION,Seasonal & Party
85195,HANGING HEART BASKET,Storage & Organization
85194L,HANGING SPRING FLOWER EGG LARGE,Garden & Outdoor
84660A,WHITE STITCHED WALL CLOCK,Home Decor
75178,ASSTD COL BUTTERFLY/CRYSTAL W/CHIME,Home Decor
75011,BLUE DAISY MOBILE,Home Decor
47503A,ASS FLORAL PRINT MULTI SCREWDRIVER,Home Decor
22888,NUMBER TILE VINTAGE FONT 9 ,Home Decor
22886,NUMBER TILE VINTAGE FONT 7,Home Decor
22881,NUMBER TILE VINTAGE FONT 2,Home Decor
22879,NUMBER TILE VINTAGE FONT 0,Home Decor
21631,HIPPY CHIC DECORATIVE PARASOL,Home Decor
20705,MRS ROBOT SOFT TOY,Toys & Kids
90125A,PINK BERTIE GLASS BEAD BAG CHARM,Kitchen & Dining
85180A,RED HEARTS LIGHT CHAIN ,Lighting & Electrical
85159B,"WHITE TEA,COFFEE,SUGAR JARS",Home Decor
22963,JAM JAR WITH BLUE LID,Kitchen & Dining
22204,MILK PAN BLUE POLKADOT,Home Decor
90058B,CRYSTAL STUD EARRINGS ASSORTED COL ,Home Decor
84597B,RETRO BROWN BALL ASHTRAY ,Home Decor
84616,SILVER ROCCOCO CHANDELIER,Home Decor
84666,SQUARE CHERRY BLOSSOM CABINET,Storage & Organization
22303,COFFEE MUG APPLES DESIGN,Kitchen & Dining
84796a,PINK HAWAIIAN PICNIC HAMPER FOR 2,Garden & Outdoor
20871,OPULENT VELVET SET/3 CANDLES,Home Decor
21160,KEEP OUT GIRLS DOOR HANGER ,Storage & Organization
21186,WHITE DOVE HONEYCOMB PAPER GARLAND,Stationery & Craft
72801d,4 SKY BLUE DINNER CANDLES,Home Decor
85114a,BLACK ENCHANTED FOREST PLACEMAT,Kitchen & Dining
84673A,PINK FLY SWAT,Home Decor
21386,IVORY HANGING DECORATION  EGG,Home Decor
90146,FINE SILVER NECKLACE W PASTEL FLOWE,Fashion & Accessories
22257,FELT FARM ANIMAL SHEEP,Home Decor
22258,FELT FARM ANIMAL RABBIT,Home Decor
22259,FELT FARM ANIMAL HEN,Home Decor
35817P,"ACRYLIC JEWEL SNOWFLAKE,PINK",Home Decor
85141,JARDIN ETCHED GLASS FRUITBOWL,Kitchen & Dining
90042A,FRESHWATER PEARL BRACELET GOLD,Fashion & Accessories
90136,PALE PINK/AMETHYST STONE NECKLACE,Fashion & Accessories
90060B,FIRE POLISHED GLASS NECKL GOLD,Kitchen & Dining
90035A,"PEARL & SHELL 42""NECKL. GREEN",Home Decor
90133,TEAL/FUSCHIA COL BEAD NECKLACE,Fashion & Accessories
90179A,AMBER FINE BEAD NECKLACE W TASSEL,Fashion & Accessories
79329,PINK FLOCK GLASS CANDLEHOLDER,Kitchen & Dining
85146,JARDIN ETCHED GLASS SMALL BELL JAR,Kitchen & Dining
22033,BOTANICAL ROSE GREETING CARD,Stationery & Craft
22032,BOTANICAL LILY GREETING CARD,Stationery & Craft
84751B,BLACK MEDIUM GLASS CAKE STAND,Kitchen & Dining
84507B,STRIPES DESIGN MONKEY DOLL,Toys & Kids
84620,BLUE GINGHAM ROSE CUSHION COVER,Home Decor
84929,ASSTD FRUIT+FLOWERS FRIDGE MAGNETS,Home Decor
21707,FOLDING UMBRELLA BLACKBLUE POLKADOT,Fashion & Accessories
22868,NUMBER TILE COTTAGE GARDEN 0 ,Garden & Outdoor
22877,NUMBER TILE COTTAGE GARDEN 9,Garden & Outdoor
22878,NUMBER TILE COTTAGE GARDEN No,Garden & Outdoor
22874,NUMBER TILE COTTAGE GARDEN 6,Garden & Outdoor
22872,NUMBER TILE COTTAGE GARDEN 4,Garden & Outdoor
22869,NUMBER TILE COTTAGE GARDEN 1,Garden & Outdoor
22871,NUMBER TILE COTTAGE GARDEN 3 ,Garden & Outdoor
22302,COFFEE MUG PEARS  DESIGN,Kitchen & Dining
47594B,SCOTTIES DESIGN WASHBAG,Home Decor
21196,ROUND WHITE CONFETTI IN TUBE,Seasonal & Party
22218,CAKE STAND LACE WHITE,Kitchen & Dining
22970,LONDON BUS COFFEE MUG,Kitchen & Dining
22062,CERAMIC BOWL WITH LOVE HEART DESIGN,Kitchen & Dining
22040,BOTANICAL ROSE GIFT WRAP,Stationery & Craft
21348,PINK SPOTS CHOCOLATE NESTING BOXES ,Home Decor
22971,QUEENS GUARD COFFEE MUG,Kitchen & Dining
84877B,GREEN ROUND COMPACT MIRROR,Home Decor
84926F,PSYCHEDELIC TILE COASTER,Kitchen & Dining
21400,RED PUDDING SPOON,Home Decor
35911A,MULTICOLOUR RABBIT EGG WARMER,Home Decor
85031C,CURIOUS IMAGES SCRAP BOOK SET,Home Decor
84613A,PINK NEW BAROQUE FLOCK CANDLESTICK,Home Decor
90012B,BLACK DROP CRYSTAL NECKLACE,Fashion & Accessories
21043,APRON MODERN VINTAGE COTTON,Home Decor
37342,POLKADOT COFFEE CUP & SAUCER PINK,Kitchen & Dining
84750B,BLACK SMALL GLASS CAKE STAND,Kitchen & Dining
21425,SKULLS STORAGE BOX LARGE,Storage & Organization
72800C,4 PINK DINNER CANDLE SILVER FLOCK,Home Decor
35810A,ENAMEL PINK COFFEE CONTAINER,Home Decor
21491,SET OF THREE VINTAGE GIFT WRAPS,Home Decor
21633,SUNFLOWER DECORATIVE PARASOL,Home Decor
35607A,PINK FLUFFY CHRISTMAS DECORATION,Seasonal & Party
22410,MONEY BOX HOUSEKEEPING DESIGN,Storage & Organization
84859A,SILVER DISCO HANDBAG,Home Decor
85103,SILVER T-LIGHT SETTING,Candles
85031B,BLOSSOM IMAGES SCRAP BOOK SET,Home Decor
22249,DECORATION WHITE CHICK MAGIC GARDEN,Garden & Outdoor
22407,MONEY BOX FIRST ADE DESIGN,Storage & Organization
85205B,PINK FELT EASTER RABBIT GARLAND,Seasonal & Party
22929,SCHOOL DESK AND CHAIR ,Home Decor
85163A,WHITE BAROQUE WALL CLOCK ,Home Decor
85163B,BLACK BAROQUE WALL CLOCK ,Home Decor
85088,CANDY SPOT HAND BAG,Fashion & Accessories
90201A,PURPLE ENAMEL FLOWER RING,Fashion & Accessories
90202A,PURPLE ENAMEL FLOWER HAIR TIE,Fashion & Accessories
90206A,GOLD DIAMANTE STAR BROOCH,Fashion & Accessories
22285,HANGING HEN ON NEST DECORATION,Home Decor
84600,NEW BAROQUE JEWELLERY BOX ,Storage & Organization
84857C,PINK MONTE CARLO HANDBAG,Home Decor
90144,SILVER DROP EARRINGS WITH FLOWER,Garden & Outdoor
90165B,WHITE ROSEBUD  PEARL EARRINGS,Home Decor
20694,FLORAL PINK MONSTER,Home Decor
20869,GOLD FABRIC MIRROR,Home Decor
20954,*USB Office Mirror Ball,Home Decor
21455,PAINTED YELLOW WOODEN DAISY,Toys & Kids
22206,"MUG , DOTCOMGIFTSHOP.COM ",Kitchen & Dining
35933,PINK STOCKING CHRISTMAS DECORATION,Seasonal & Party
85232A,SET/3 POLKADOT STACKING TINS,Home Decor
90027B,GLASS BEAD HOOP EARRINGS MONTANA,Kitchen & Dining
90122A,PINK CRYSTAL+GLASS BRACELET,Kitchen & Dining
90197B,BLACK GLASS BRACELET W HEART CHARMS,Kitchen & Dining
72225C,LAVENDER SCENT CAKE CANDLE,Home Decor
21424,WOODLAND STORAGE BOX LARGE ,Storage & Organization
46000U,POLYESTER FILLER PAD 30CMx30CM,Home Decor
35400,WOODEN BOX ADVENT CALENDAR ,Stationery & Craft
90072,RUBY DROP CHANDELIER EARRINGS,Home Decor
90214T,"LETTER ""T"" BLING KEY RING",Fashion & Accessories
20934,SET/3 POT PLANT CANDLES,Garden & Outdoor
21402,RED  EGG  SPOON,Home Decor
22135,MINI LADLE LOVE HEART PINK,Home Decor
47585A,PINK FAIRY CAKE CUSHION COVER,Home Decor
90011D,PURPLE CRYSTAL DROP EARRINGS,Home Decor
90012A,MIDNIGHT BLUE DROP CRYSTAL NECKLACE,Fashion & Accessories
90042C,FRESHWATER PEARL BRACELET IVORY,Fashion & Accessories
90141C,TURQ PENDANT TRIPLE SHELL NECKLACE,Fashion & Accessories
90142A,GREEN PENDANT SHELL NECKLACE,Fashion & Accessories
90165A,PINK ROSEBUD PEARL EARRINGS,Home Decor
90177B,DROP DIAMANTE EARRINGS BLACK DIAMON,Home Decor
90202D,PINK ENAMEL FLOWER HAIR TIE,Fashion & Accessories
90154,LAZER CUT NECKLACE W PASTEL BEADS,Fashion & Accessories
90199D,5 STRAND GLASS NECKLACE AMBER,Kitchen & Dining
90014A,SILVER/MOP ORBIT NECKLACE,Fashion & Accessories
90178B,PURPLE CHUNKY GLASS+BEAD NECKLACE,Kitchen & Dining
21009,ETCHED GLASS STAR TREE DECORATION,Kitchen & Dining
21793,CLASSIC FRENCH STYLE BASKET BROWN,Storage & Organization
85023B,EAU DE NILE JEWELLED PHOTOFRAME,Home Decor
85109,PINK BOUDOIR T-LIGHT HOLDER,Candles
84804A,CREAM DELPHINIUM ARTIFICIAL FLOWER,Bath & Beauty
84800L,LARGE WHITE/PINK ROSE ART FLOWER,Garden & Outdoor
84800M,MEDIUM WHITE/PINK ROSE ART FLOWER,Garden & Outdoor
84802A,WHITE ANEMONE ARTIFICIAL FLOWER,Garden & Outdoor
84806A,PINK CANDYSTUFT ARTIFICIAL FLOWER,Garden & Outdoor
22707,WRAP MONSTER FUN ,Stationery & Craft
21503,TOYBOX  WRAP ,Stationery & Craft
90108,BLUE BLOSSOM HAIR CLIP,Fashion & Accessories
16207A,PINK STRAWBERRY HANDBAG ,Home Decor
21747,SMALL SKULL WINDMILL,Garden & Outdoor
84457,SET/3 RABBITS FLOWER SKIPPPING ROPE,Toys & Kids
84249A,"GREETING CARD,SQUARE, DOUGHNUTS",Stationery & Craft
22837,HOT WATER BOTTLE BABUSHKA LARGE,Kitchen & Dining
22953,BIRTHDAY BANNER TAPE,Stationery & Craft
22148,EASTER CRAFT 4 CHICKS ,Stationery & Craft
90011B,BLACK CRYSTAL DROP EARRINGS,Home Decor
90055,CRACKED GLAZE EARRINGS BROWN,Home Decor
90142D,MOP PENDANT SHELL NECKLACE,Fashion & Accessories
90176B,DIAMANTE NECKLACE BLACK ,Fashion & Accessories
gift_0001_40,Dotcomgiftshop Gift Voucher £40.00,Home Decor
21198,WHITE HEART CONFETTI IN TUBE,Seasonal & Party
90027D,GLASS BEAD HOOP EARRINGS AMETHYST,Kitchen & Dining
44228,CANNABIS LEAF BEAD CURTAIN,Home Decor
85230A,OPIUM SCENTED VOTIVE CANDLE,Home Decor
79191D,RETRO PLASTIC DAISY TRAY,Kitchen & Dining
22066,LOVE HEART TRINKET POT,Home Decor
35819B,"ACRYLIC HANGING JEWEL,BLUE",Home Decor
84199,GLOW IN DARK DOLPHINS,Home Decor
82613A,"METAL SIGN,CUPCAKE SINGLE HOOK",Home Decor
85135A,YELLOW DRAGONFLY HELICOPTER,Home Decor
22823,CHEST NATURAL WOOD 20 DRAWERS,Home Decor
DCGS0070,CAMOUFLAGE DOG COLLAR,Home Decor
22138,BAKING SET 9 PIECE RETROSPOT ,Kitchen & Dining
15044A,PINK PAPER PARASOL ,Stationery & Craft
85231b,CINAMMON SET OF 9 T-LIGHTS,Candles
85114b,IVORY ENCHANTED FOREST PLACEMAT,Kitchen & Dining
85160a,WHITE BIRD GARDEN DESIGN MUG,Kitchen & Dining
m,Manual,Home Decor
82613b,"METAL SIGN,CUPCAKE SINGLE HOOK",Home Decor
82613c,"METAL SIGN,CUPCAKE SINGLE HOOK",Home Decor
84795b,SUNSET CHECK HAMMOCK,Home Decor
85126,LARGE ROUND CUTGLASS CANDLESTICK,Home Decor
47518f,ICON PLACEMAT POP ART ELVIS,Kitchen & Dining
85035b,CHOCOLATE 3 WICK MORRIS BOX CANDLE,Home Decor
84968f,SET OF 16 VINTAGE SKY BLUE CUTLERY,Kitchen & Dining
85049g,CHOCOLATE BOX RIBBONS ,Storage & Organization
84499,BLACK FLOWER CANDLE PLATE,Home Decor
16045,POPART WOODEN PENCILS ASST,Toys & Kids
21394,RED POLKADOT BEAKER ,Home Decor
22046,TEA PARTY  WRAPPING PAPER ,Stationery & Craft
84931B,BLUE SCOTTIE DOG W FLOWER PATTERN,Garden & Outdoor
21270,ANTIQUE CREAM CUTLERY CUPBOARD,Kitchen & Dining
22134,MINI LADLE LOVE HEART RED ,Home Decor
85161,ACRYLIC GEOMETRIC LAMP,Lighting & Electrical
90011A,MIDNIGHT BLUE CRYSTAL DROP EARRINGS,Home Decor
90013D,PURPLE VINTAGE EARRINGS,Home Decor
90024E,NEW BAROQUE B'FLY NECKLACE MONTANA,Fashion & Accessories
90024F,NEW BAROQUE B'FLY NECKLACE CRYSTAL,Fashion & Accessories
90103,PURPLE FRANGIPANI NECKLACE,Fashion & Accessories
90152A,SILVER/NAT SHELL NECKLACE W PENDANT,Fashion & Accessories
90205C,LARGE CRYSTAL DIAMANTE HAIRSLIDE,Home Decor
22247,BUNNY DECORATION MAGIC GARDEN,Garden & Outdoor
gift_0001_50,Dotcomgiftshop Gift Voucher £50.00,Home Decor
84251C,"GREETING CARD, TWO SISTERS.",Stationery & Craft
16206B,RED PURSE WITH PINK HEART,Fashion & Accessories
46138B,BLUE CHENILLE SHAGGY CUSHION COVER ,Home Decor
20701,PINK CAT FLORAL CUSHION COVER ,Home Decor
90112,PINK DOLLY HAIR CLIPS,Fashion & Accessories
35443,RASTA IN BATH W SPLIFF ASHTRAY,Bath & Beauty
21661,VINTAGE GLASS TEA CADDY,Kitchen & Dining
90125E,AMBER BERTIE GLASS BEAD BAG CHARM,Kitchen & Dining
85168B,BLACK BAROQUE CARRIAGE CLOCK,Home Decor
85186C,BUNNY EGG GARLAND,Home Decor
84926E,FLOWERS TILE COASTER,Kitchen & Dining
85144,JARDIN ETCHED GLASS CHEESE DISH,Kitchen & Dining
21129,SILVER FISHING GNOME ,Home Decor
84218,BOX/12 CHICK & EGG IN BASKET,Storage & Organization
85194S,HANGING SPRING FLOWER EGG SMALL,Garden & Outdoor
22268,EASTER DECORATION SITTING BUNNY,Seasonal & Party
90037B,TINY CRYSTAL BRACELET GREEN,Fashion & Accessories
90041,PEARL AND CHERRY QUARTZ BRACLET,Home Decor
90125C,TURQUOISE BERTIE GLASS BEAD CHARM,Kitchen & Dining
90163A,PINK ROSEBUD & PEARL NECKLACE,Fashion & Accessories
90163B,WHITE ROSEBUD & PEARL NECKLACE,Fashion & Accessories
35911B,PINK/FLOWER RABBIT EGG WARMER ,Garden & Outdoor
84989A,75 GREEN FAIRY CAKE CASES,Kitchen & Dining
79071B,ENGLISH ROSE METAL WASTE BIN,Home Decor
16169M,WRAP DAISY CARPET ,Stationery & Craft
22709,WRAP WEDDING DAY,Stationery & Craft
gift_0001_30,Dotcomgiftshop Gift Voucher £30.00,Home Decor
gift_0001_20,Dotcomgiftshop Gift Voucher £20.00,Home Decor
20785,FUSCHIA RETRO BAR STOOL,Other
85089,CANDY SPOT BUNNY,Other
35909A,RABBIT EASTER DECORATION,Seasonal & Party
35910A,MULTICOLOUR EASTER RABBIT ,Seasonal & Party
21763,VINTAGE WOODEN BAR STOOL,Toys & Kids
20933,YELLOW POT PLANT CANDLE,Home Decor
35972,DAISY FOLKART HEART DECORATION,Other
90155,RESIN NECKLACE W PASTEL BEADS,Fashion & Accessories
47589,CONGRATULATIONS BUNTING,Other
84661A,WHITE SQUARE TABLE CLOCK,Home Decor
90118,PINK DAISY BAG CHARM,Fashion & Accessories
90182C,BLACK 3 BEAD DROP EARRINGS,Fashion & Accessories
21278,VINTAGE KITCHEN PRINT PUDDINGS,Other
47518F,ICON PLACEMAT POP ART ELVIS,Kitchen & Dining
16156L,"WRAP, CAROUSEL",Stationery & Craft
47351B,BLUE  VOILE LAMPSHADE,Other
21084,SET/6 COLLAGE PAPER CUPS,Stationery & Craft
21088,SET/6 FRUIT SALAD PAPER CUPS,Stationery & Craft
21096,SET/6 FRUIT SALAD  PAPER PLATES,Stationery & Craft
90119,METALIC LEAVES BAG CHARMS,Fashion & Accessories
84741C,CITRUS GARLAND FELT FLOWERS ,Other
22266,EASTER DECORATION HANGING BUNNY,Seasonal & Party
22267,EASTER DECORATION EGG BUNNY ,Seasonal & Party
21003,ROSE DU SUD CUSHION COVER,Home Decor
21757,LIGHTHOUSE PRINTED METAL SIGN,Home Decor
90123B,TURQUOISE HEART OF GLASS BRACELET,Kitchen & Dining
90123C,GREEN HEART OF GLASS BRACELET,Kitchen & Dining
90122C,TURQUOISE CRYSTAL+GLASS BRACELET,Kitchen & Dining
90156,RESIN BRACELET W PASTEL BEADS,Fashion & Accessories
84617,NEW BAROQUE BLACK BOXES,Other
21332,MOROCCAN BEATEN METAL MIRROR,Home Decor
35923,CANDY HEART HANGING DECORATION,Other
84661C,PINK SQUARE TABLE CLOCK,Home Decor
90038B,GLASS AND PAINTED BEADS BRACELET OL,Kitchen & Dining
90137,PINK COMBO MINI CRYSTALS NECKLACE,Fashion & Accessories
90181A,AMBER GLASS/SHELL/PEARL NECKLACE,Kitchen & Dining
90214W,"LETTER ""W"" BLING KEY RING",Fashion & Accessories
90059F,DIAMANTE HAIR GRIP PACK/2 LT ROSE,Fashion & Accessories
44091A,BLUE CRUSOE CHECK LAMPSHADE,Other
21280,VINTAGE KITCHEN PRINT VEGETABLES,Other
90037C,TINY CRYSTAL BRACELET BLUE,Fashion & Accessories
90122B,JADE CRYSTAL+GLASS BRACELET,Kitchen & Dining
35915C,PEACH KNITTED HEN ,Other
85197,SET OF 12 MINI BUNNIES IN A BUCKET,Other
85019B,BLOSSOM  IMAGES NOTEBOOK SET,Stationery & Craft
16207B,PINK HEART RED HANDBAG,Fashion & Accessories
20698,LITTLE PINK MONSTER SOFT TOY,Toys & Kids
47556B,TEA TIME TEA TOWELS ,Kitchen & Dining
79323P,PINK CHERRY LIGHTS,
21655,HANGING RIDGE GLASS T-LIGHT HOLDER,Candles
35265,COLOURFUL FLOWER FRUIT BOWL,Kitchen & Dining
16162L,THE KING GIFT BAG,Fashion & Accessories
90092,BLUE CRYSTAL BOOT PHONE CHARM,Fashion & Accessories
90190A,SILVER/CRYSTAL DROP EARRINGS W LEAF,Fashion & Accessories
90011E,AMBER CRYSTAL DROP EARRINGS,Fashion & Accessories
90038A,GLASS AND PAINTED BEADS BRACELET TO,Kitchen & Dining
90079,VINTAGE ENAMEL & CRYSTAL NECKLACE,Fashion & Accessories
21667,GLASS CAKE COVER AND PLATE,Kitchen & Dining
22323,PINK POLKADOT KIDS BAG,Fashion & Accessories
22103,MIRROR MOSAIC T-LIGHT HOLDER ROUND,Candles
90141D,ROSE PENDANT TRIPLE SHELL NECKLACE,Fashion & Accessories
85160B,BLACK BIRD GARDEN DESIGN MUG,Kitchen & Dining
23231,WRAP DOILEY DESIGN,Stationery & Craft
62086A,PINK RETRO BIG FLOWER BAG,Fashion & Accessories
90039A,FIRE POLISHED GLASS BRACELET RED,Kitchen & Dining
21371,MIRRORED WALL ART POPPIES,Other
35912B,WHITE/PINK CHICK DECORATION,Other
23230,WRAP ALPHABET DESIGN,Stationery & Craft
85206B,PINK FELT EASTER EGG BASKET,Seasonal & Party
85189,HANGING BUTTERFLY  EGG,Other
84745A,PINK HANGING GINGHAM EASTER HEN,Seasonal & Party
84745B,BLUE HANGING GINGHAM EASTER HEN,Seasonal & Party
90130D,RED STONE/CRYSTAL EARRINGS,Fashion & Accessories
21117,BLOND DOLL DOORSTOP,Toys & Kids
21459,YELLOW EASTER EGG HUNT START POST,Seasonal & Party
21460,GREEN EASTER EGG HUNT START POST,Seasonal & Party
37468,HARDMAN MUG 3 ASSORTED,Kitchen & Dining
21897,POTTING SHED CANDLE CITRONELLA,Home Decor
85231g,ORANGE SCENTED SET/9 T-LIGHTS,Candles
72369A,PINK CLEAR GLASS CANDLE PLATE,Home Decor
22967,SET 3 SONG BIRD PAPER EGGS ASSORTED,Stationery & Craft
22957,SET 3 PAPER VINTAGE CHICK PAPER EGG,Stationery & Craft
22896,PEG BAG APPLE DESIGN,Fashion & Accessories
22199,FRYING PAN RED POLKADOT ,Kitchen & Dining
20914,SET/5 RED SPOTTY LID GLASS BOWLS,Kitchen & Dining
20725,LUNCH BAG RED SPOTTY,Fashion & Accessories
21082,SET/20 FRUIT SALAD PAPER NAPKINS ,Stationery & Craft
21368,MIRRORED WALL ART LADIES,Other
17174,ASSTD RASTA KEY-CHAINS,Other
23233,WRAP POPPIES  DESIGN,Stationery & Craft
35921,EASTER BUNNY HANGING GARLAND,Seasonal & Party
85200,BUNNY EGG BOX,Storage & Organization
84231,EASTER BUNNY WITH BASKET ON BACK,Seasonal & Party
21461,BLUE EASTER EGG HUNT START POST,Seasonal & Party
84462,3 PINK HEN+CHICKS IN BASKET,Storage & Organization
84461,12 PINK HEN+CHICKS IN BASKET,Storage & Organization
35922,EASTER BUNNY WREATH,Seasonal & Party
84675,FROG KING WATERING CAN,Garden & Outdoor
47469,ASSORTED SHAPES PHOTO CLIP SILVER ,Other
23232,WRAP VINTAGE PETALS  DESIGN,Stationery & Craft
84905,PINK BUTTERFLY CUSHION COVER ,Home Decor
84806B,WHITE CANDYSTUFT ARTIFICIAL FLOWER,Garden & Outdoor
21458,2 PICTURE BOOK EGGS EASTER BUNNY,Seasonal & Party
85198,ASSORTED FARMYARD ANIMALS IN BUCKET,Other
90191,SILVER LARIAT 40CM,Other
84796B,BLUE SAVANNAH PICNIC HAMPER FOR 2,Garden & Outdoor
20845,ZINC HEART LATTICE 2 WALL PLANTER,Other
84033,FLAG OF ST GEORGE ,Other
85040a,S/4 PINK FLOWER CANDLES IN BOWL,Kitchen & Dining
20795,LARGE BLUE PROVENCAL CERAMIC BALL,Other
47590b,PINK HAPPY BIRTHDAY BUNTING,Seasonal & Party
72807a,SET/3 ROSE CANDLE IN JEWELLED BOX,Home Decor
84226,HEN HOUSE W FAMILY IN BARN & NEST,Other
21926,RED/CREAM STRIPE CUSHION COVER ,Home Decor
37379A,PINK CHERRY BLOSSOM CUP & SAUCER,Kitchen & Dining
35920,FOUR RABBIT EASTER DECORATIONS,Seasonal & Party
84801A,PINK HYDRANGEA ART FLOWER,Garden & Outdoor
84592,CROCHET ROSE PURSE WITH SUEDE BACK,Fashion & Accessories
84800S,SMALL WHITE/PINK ROSE ART FLOWER,Garden & Outdoor
79192A,RETRO PLASTIC 70'S TRAY,Kitchen & Dining
85130C,BEADED CRYSTAL HEART BLUE  LARGE,Other
20756,GREEN FERN POCKET BOOK,Other
21112,SWISS ROLL TOWEL PINK  SPOTS,Bath & Beauty
21320,GLASS CHALICE GREEN  LARGE ,Kitchen & Dining
90027C,GLASS BEAD HOOP EARRINGS GREEN,Kitchen & Dining
90202B,WHITE ENAMEL FLOWER HAIR TIE,Fashion & Accessories
22125,UNION JACK HOT WATER BOTTLE ,Kitchen & Dining
40046A,RED DAISY PAPER LAMPSHADE,Stationery & Craft
85188A,GREEN METAL SWINGING BUNNY,Other
84527,FLAMES SUNGLASSES PINK LENSES,Other
72799C,PINK PILLAR CANDLE SILVER FLOCK,Home Decor
71101E,STANDING FAIRY POLE SUPPORT ,Lighting & Electrical
21457,2 PICTURE BOOK EGGS EASTER DUCKS,Seasonal & Party
21456,2 PICTURE BOOK EGGS EASTER CHICKS,Seasonal & Party
35647,VINTAGE BEAD PINK SHADE ,Other
84632,DECORATIVE HANGING SHELVING UNIT,Other
72801c,4 ROSE PINK DINNER CANDLES,Other
22597,MUSICAL ZINC HEART DECORATION ,Other
22764,"RUSTIC WOODEN CABINET, GLASS DOORS",Kitchen & Dining
90037A,TINY CRYSTAL BRACELET RED,Fashion & Accessories
35913B,WHITE/PINK CHICK EASTER DECORATION,Seasonal & Party
22146,EASTER CRAFT IVY WREATH WITH CHICK,Stationery & Craft
85047,WHITE BEADED GARLAND STRING 20LIGHT,Other
21476,STEEL SWEETHEART ROUND TABLE CREAM,Bath & Beauty
37351,ORANGE FLOWER MUG ,Kitchen & Dining
85160A,WHITE BIRD GARDEN DESIGN MUG,Kitchen & Dining
84997a,GREEN 3 PIECE POLKADOT CUTLERY SET,Kitchen & Dining
22595,GINGHAM HEART DECORATION,Other
21344,MOROCCAN BEATEN METAL DISH,Other
84974,S/2 ZINC HEART DESIGN PLANTERS,Other
22602,RETROSPOT WOODEN HEART DECORATION,Toys & Kids
72821,CUPID SCENTED CANDLE IN GLASS,Home Decor
90123D,WHITE HEART OF GLASS BRACELET,Kitchen & Dining
90123A,PINK HEART OF GLASS BRACELET,Kitchen & Dining
90148,LONG SILVER NECKLACE PASTEL FLOWER,Fashion & Accessories
90016B,GOLD/M.O.P PENDANT ORBIT NECKLACE,Fashion & Accessories
90016A,SILVER/M.O.P PENDANT ORBIT NECKLACE,Fashion & Accessories
84847,FLORAL BATHROOM SET,Other
20898,VINTAGE NOTEBOOK TRAVELOGUE,Stationery & Craft
90183C,BLACK DROP EARRINGS W LONG BEADS,Other
DCGS0069,OOH LA LA DOGS COLLAR,Other
84465,15 PINK FLUFFY CHICKS IN BOX,Storage & Organization
20851,ZINC HEART LATTICE TRAY OVAL ,Kitchen & Dining
84715,SET OF 6 ICE CREAM SKITTLES,Bath & Beauty
84919,BLUE CUSHION COVER WITH FLOWER,Home Decor
84907,PINK YELLOW PATCH CUSHION COVER,Home Decor
85024B,EAU DE NILE JEWELLED PHOTOFRAME,Other
35637C,PINK STRING CURTAIN WITH POLE,Other
21811,HANGING HEART WITH BELL,Other
71496B,A4 WALL TIDY RED FLOWERS,Storage & Organization
17028J,INCENSE BAZAAR PEACH,Other
17084A,TRANQUILITY MASALA INCENSE,Other
84795C,OCEAN STRIPE HAMMOCK ,Other
62074B,ELEPHANT CLIP W SUCTION CUP,Kitchen & Dining
84279B,CHERRY BLOSSOM DECORATIVE FLASK,Other
84801B,WHITE HYDRANGEA ART FLOWER,Garden & Outdoor
84805A,CREAM CLIMBING HYDRANGA ART FLOWER,Bath & Beauty
17136A,BLUE STONES ON WIRE FOR CANDLE,Home Decor
84993a,75 GREEN PETIT FOUR CASES,Other
72807b,SET/3 OCEAN SCENT CANDLE JEWEL BOX,Home Decor
84509b,SET OF 4 FAIRY CAKE PLACEMATS,Kitchen & Dining
21818,GLITTER HEART DECORATION,Other
84708B,PINK JEWELLED PHOTO FRAME ,Home Decor
44089A,PINK GAUZE BUTTERFLY LAMPSHADE,Other
84723,CHERRY BLOSSOM CANVAS ART PICTURE,Home Decor
22038,BOTANICAL LAVENDER GIFT WRAP ,Stationery & Craft
90098,NECKLACE+BRACELET PINK BUTTERFLY,Fashion & Accessories
15058C,ICE CREAM DESIGN GARDEN PARASOL,Bath & Beauty
22989,SET 2 PANTRY DESIGN TEA TOWELS,Other
84968d,SET OF 16 VINTAGE RED CUTLERY,Kitchen & Dining
84509a,SET OF 4 ENGLISH ROSE PLACEMATS,Kitchen & Dining
84452,METAL RABBIT LADDER EASTER ,Seasonal & Party
22353,LUNCH BOX WITH CUTLERY FAIRY CAKES ,Kitchen & Dining
22990,COTTON APRON PANTRY DESIGN,Other
85092,CANDY SPOT TEA COSY,Other
37413,ICON MUG REVOLUTIONARY,Kitchen & Dining
DCGSSBOY,BOYS PARTY BAG,Seasonal & Party
DCGSSGIRL,GIRLS PARTY BAG,Seasonal & Party
35815P,"ACRYLIC JEWEL SNOWFLAKE, PINK",Other
21228,"POCKET MIRROR ""GLAMOROUS""",Home Decor
84536a,ENGLISH ROSE NOTEBOOK A7 SIZE,Stationery & Craft
72812,LARGE ZINC GLASS CANDLEHOLDER,Kitchen & Dining
82001s,VINYL RECORD FRAME SILVER,Home Decor
79063D,"RETRO PILL BOX , REVOLUTIONARY",Storage & Organization
75172,PAINTED SEA SHELL METAL WINDCHIME,Other
45013,FOLDING SHOE TIDY,Storage & Organization
21636,MADRAS NOTEBOOK MEDIUM,Stationery & Craft
71510,SQUARE METAL CANDLEHOLDER BASE,Other
44265,M/COLOUR POM-POM CURTAIN,Other
79323B,BLACK CHERRY LIGHTS,Other
90064B,BLACK VINTAGE  CRYSTAL EARRINGS,Other
90064A,WHITE VINTAGE CRYSTAL EARRINGS,Other
90063A,WHITE VINT ART DECO CRYSTAL NECKLAC,Other
90063B,BLACK VINT ART DEC CRYSTAL NECKLACE,Fashion & Accessories
90029,NEW BAROQUE SMALL NECKLACE BLACK,Fashion & Accessories
44089C,LILAC GAUZE BUTTERFLY LAMPSHADE,Other
44236,PINK/PURPLE CIRCLE CURTAIN,Other
21898,POTTING SHED ROSE CANDLE,Home Decor
82095,HEART BUTTONS JEWELLERY BOX,Storage & Organization
90024B,NEW BAROQUE B'FLY NECKLACE RED,Fashion & Accessories
84798B,PURPLE FOXGLOVE ARTIIFCIAL FLOWER,Garden & Outdoor
84803A,PINK ALLIUM  ARTIFICIAL FLOWER,Garden & Outdoor
21681,GIANT MEDINA STAMPED METAL BOWL ,Kitchen & Dining
35909B,PINK FLOWERS RABBIT EASTER,Seasonal & Party
90180B,PURPLE AMETHYST NECKLACE W TASSEL,Fashion & Accessories
90152C,BLUE/NAT SHELL NECKLACE W PENDANT,Fashion & Accessories
84859C,PINK DISCO HANDBAG,Other
79406,FROSTED WHITE BASE ,Other
22980,PANTRY SCRUBBING BRUSH,Other
22993,SET OF 4 PANTRY JELLY MOULDS,Other
23006,TRAVEL CARD WALLET FLOWER MEADOW,Stationery & Craft
23004,TRAVEL CARD WALLET PANTRY,Stationery & Craft
23002,TRAVEL CARD WALLET SKULLS,Stationery & Craft
23003,TRAVEL CARD WALLET VINTAGE ROSE ,Stationery & Craft
23000,TRAVEL CARD WALLET TRANSPORT,Stationery & Craft
22994,TRAVEL CARD WALLET RETROSPOT,Stationery & Craft
22998,TRAVEL CARD WALLET KEEP CALM,Stationery & Craft
84596f,SMALL MARSHMALLOWS PINK BOWL,Kitchen & Dining
84596g,SMALL CHOCOLATES PINK BOWL,Kitchen & Dining
22991,GIRAFFE WOODEN RULER,Stationery & Craft
22992,REVOLVER WOODEN RULER ,Stationery & Craft
22999,TRAVEL CARD WALLET RETRO PETALS,Stationery & Craft
22995,TRAVEL CARD WALLET SUKI,Stationery & Craft
22996,TRAVEL CARD WALLET VINTAGE TICKET,Stationery & Craft
22978,PANTRY ROLLING PIN,Other
22997,TRAVEL CARD WALLET UNION JACK,Stationery & Craft
23005,TRAVEL CARD WALLET I LOVE LONDON,Stationery & Craft
79062D,"RETRO TIN ASHTRAY,REVOLUTIONARY",Kitchen & Dining
20837,FRENCH FLORAL CUSHION COVER ,Home Decor
47341A,FUSCHIA TABLE RUN FLOWER ,Garden & Outdoor
22351,DOTCOMGIFTSHOP TEA TOWEL,Bath & Beauty
21087,SET/6 POSIES PAPER CUPS,Stationery & Craft
37491D,PURPLE/BLUE CERAMIC CANDLE HOLDER,Home Decor
84872A,TEATIME FUNKY FLOWER BACKPACK FOR 2,Garden & Outdoor
44092C,PURPLE/COPPER HANGING LAMPSHADE,Other
84997C,CHILDRENS CUTLERY POLKADOT BLUE,Kitchen & Dining
84997D,CHILDRENS CUTLERY POLKADOT PINK,Kitchen & Dining
79331,PINK FLOCK GLASS CANDLEHOLDER,Kitchen & Dining
84306,S/3 PINK SQUARE PLANTERS ROSES,Other
44092B,BLUE WHITE PLASTIC RINGS LAMPSHADE,Other
90065A,WHITE VINTAGE CRYSTAL BRACELET,Fashion & Accessories
90026D,GLASS BEAD HOOP NECKLACE AMETHYST,Kitchen & Dining
90000A,RASPBERRY ANT COPPER FLOWER NECKLAC,Garden & Outdoor
90026C,GLASS BEAD HOOP NECKLACE GREEN,Kitchen & Dining
90026B,GLASS BEAD HOOP NECKLACE MONTANA,Kitchen & Dining
35638A,PINK AND BLACK STRING CURTAIN,Other
84691,PACK 20 DOLLY PEGS,Other
22383,LUNCH BAG SUKI DESIGN ,Fashion & Accessories
84796A,PINK HAWAIIAN PICNIC HAMPER FOR 2,Garden & Outdoor
21928,JUMBO BAG SCANDINAVIAN BLUE PAISLEY,Fashion & Accessories
84997B,CHILDRENS CUTLERY RETROSPOT RED ,Kitchen & Dining
84997A,CHILDRENS CUTLERY POLKADOT GREEN ,Kitchen & Dining
21414,SCALLOP SHELL SOAP DISH,Bath & Beauty
84858C,PINK RIVIERA HANDBAG,Other
84997a,CHILDRENS CUTLERY POLKADOT GREEN ,Kitchen & Dining
84997c,CHILDRENS CUTLERY POLKADOT BLUE,Kitchen & Dining
84997d,CHILDRENS CUTLERY POLKADOT PINK,Kitchen & Dining
84466,TOP SECRET PEN SET,Stationery & Craft
84687,BEACH HUT SHELF W 3 DRAWERS,Other
90100,NECKLACE+BRACELET SET PINK DAISY,Fashion & Accessories
84809B,PINK CHRYSANTHEMUMS ART FLOWER,Garden & Outdoor
84997b,CHILDRENS CUTLERY RETROSPOT RED ,Kitchen & Dining
72140E,BEST DAD CANDLE LETTERS,Home Decor
10080,GROOVY CACTUS INFLATABLE,Other
17001,HEAVENS SCENT FRAGRANCE OILS ASSTD,Other
71050,SMALL SINGLE FLAME CANDLE HOLDER,Home Decor
90124A,PINK MURANO TWIST NECKLACE,Fashion & Accessories
90135,ORANGE/WHT/FUSCHIA STONES NECKLACE,Fashion & Accessories
90157,RIVIERA NECKLACE,Fashion & Accessories
90176A,CLASSIC DIAMANTE NECKLACE JET,Fashion & Accessories
90176C,DIAMANTE NECKLACE,Fashion & Accessories
90177A,CLASSIC DIAMANTE EARRINGS JET,Other
90187A,BLUE DROP EARRINGS W BEAD CLUSTER,Other
90001A,ANTIQUE RASPBERRY FLOWER EARRINGS,Garden & Outdoor
84802B,PURPLE ANEMONE ARTIFICIAL FLOWER,Garden & Outdoor
84803B,WHITE ALLIUM  ARTIFICIAL FLOWER,Garden & Outdoor
84798A,PINK FOXGLOVE ARTIIFCIAL FLOWER,Garden & Outdoor
23182,TOILET SIGN OCCUPIED OR VACANT,Home Decor
20796,SMALL BLUE PROVENCAL CERAMIC BALL,Other
22979,PANTRY WASHING UP BRUSH,Other
23177,TREASURE ISLAND BOOK BOX,Storage & Organization
23193,BUFFALO BILL TREASURE BOOK BOX,Storage & Organization
23194,GYMKHANNA TREASURE BOOK BOX,Storage & Organization
23176,ABC TREASURE BOOK BOX ,Storage & Organization
22982,PANTRY PASTRY BRUSH,Other
23126,DOLLCRAFT GIRL AMELIE KIT,Stationery & Craft
23127,DOLLCRAFT GIRL NICOLE,Stationery & Craft
16020C,CLEAR STATIONERY BOX SET ,Storage & Organization
90016C,SILVER/BLACK PENDANT ORBIT NECKLACE,Fashion & Accessories
90025D,BAROQUE BUTTERFLY EARRINGS PINK,Other
23127,FELTCRAFT GIRL NICOLE KIT,Stationery & Craft
23128,FELTCRAFT BOY JEAN-PAUL KIT,Stationery & Craft
23126,FELTCRAFT GIRL AMELIE KIT,Stationery & Craft
23194,GYMKHANA TREASURE BOOK BOX,Storage & Organization
23183,MOTHER'S KITCHEN SPOON REST ,Other
23179,CLOCK MAGNET MUM'S KITCHEN,Home Decor
23178,JAM CLOCK MAGNET,Home Decor
22981,PANTRY APPLE CORER,Other
37423,WHITE WITH BLACK CATS PLATE,Kitchen & Dining
23180,MUM'S KITCHEN CLOCK,Home Decor
23049,RECYCLED ACAPULCO MAT RED,Other
23053,RECYCLED ACAPULCO MAT PINK,Other
23054,RECYCLED ACAPULCO MAT LAVENDER,Other
23050,RECYCLED ACAPULCO MAT GREEN,Other
23052,RECYCLED ACAPULCO MAT TURQUOISE,Other
23051,RECYCLED ACAPULCO MAT BLUE,Other
79026B,"S/4 ICON COASTER,ELVIS LIVES",Kitchen & Dining
23128,DOLLCRAFT BOY JEAN-PAUL ,Stationery & Craft
23185,FRENCH STYLE STORAGE JAR JAM,Kitchen & Dining
23184,BULL DOG BOTTLE OPENER,Kitchen & Dining
90084,PINK CRYSTAL GUITAR PHONE CHARM,Other
35607B,BLACK FEATHER CHRISTMAS DECORATION,Seasonal & Party
90038C,GLASS AND BEADS BRACELET IVORY,Kitchen & Dining
62096B,PURPLE/TURQ FLOWERS HANDBAG,Other
gift_0001_10,Dotcomgiftshop Gift Voucher £10.00,Other
84593,CROCHET ROSE DES CLOTHES HANGER,Storage & Organization
16248B,BLUE HOLE PUNCH,Other
21841,BABY MOUSE RED GINGHAM DRESS,Other
23181,BULL DOG BOTTLE TOP WALL CLOCK,Home Decor
23187,FRENCH STYLE STORAGE JAR BONBONS,Kitchen & Dining
23126,DOLLCRAFT GIRL AMELIE,Stationery & Craft
23186,FRENCH STYLE STORAGE JAR CAFE ,Kitchen & Dining
84086B,YELLOW/BLUE RETRO RADIO,Other
79063C,"RETRO PILL BOX KEY CHAIN,THE KING",Storage & Organization
23010,CIRCUS PARADE BABY GIFT SET,Other
23007, SPACEBOY BABY GIFT SET,Other
23009,I LOVE LONDON BABY GIFT SET,Other
23008,DOLLY GIRL BABY GIFT SET,Other
84535A,ENGLISH ROSE NOTEBOOK A6 SIZE,Stationery & Craft
16202A,PASTEL PINK PHOTO ALBUM ,Other
21395,BLUE POLKADOT BEAKER ,Other
84842,HELLO SAILOR BATHROOM SET,Other
84227,HEN HOUSE W CHICK IN NEST,Other
16161G,WRAP BAD HAIR DAY,Stationery & Craft
85132c,CHARLIE AND LOLA FIGURES TINS,Other
16259,PIECE OF CAMO STATIONERY SET,Other
47013A,WINE BOTTLE DRESSING LT.BLUE,Kitchen & Dining
22687,DOORMAT CHRISTMAS VILLAGE,Seasonal & Party
84977,WIRE FLOWER T-LIGHT HOLDER,Candles
84946,ANTIQUE SILVER T-LIGHT GLASS,Candles
84968B,SET OF 16 VINTAGE IVORY CUTLERY,Kitchen & Dining
90075,MONTANA DIAMOND CLUSTER NECKLACE,Fashion & Accessories
90068,"RUBY GLASS NECKLACE 42""",Kitchen & Dining
35910B,PINK FLOWERS RABBIT EASTER,Seasonal & Party
84828,JUNGLE POPSICLES ICE LOLLY MOULDS,Other
84750A,PINK SMALL GLASS CAKE STAND,Kitchen & Dining
78033,FLAG OF ST GEORGE CHAIR,Other
37488A,YELLOW PINK FLOWER DESIGN BIG BOWL,Kitchen & Dining
85030,FRENCH CHATEAU OVAL PLATTER,Other
21637,ASSORTED SANSKRIT MINI NOTEBOOK,Stationery & Craft
47344B,BLUE FLOWER DES PURSE,Fashion & Accessories
46126A,ELVIS WALLHANGING / CURTAIN,Other
90182B,AMETHYST 3 BEAD DROP EARRINGS,Other
37330,BIG POLKADOT MUG,Kitchen & Dining
90124C,GREEN MURANO TWIST NECKLACE,Fashion & Accessories
90131,PINK/AMETHYST/GOLD NECKLACE,Fashion & Accessories
85224,ASSORTED COLOUR SILK GLASSES CASE,Storage & Organization
23077,DOUGHNUT LIP GLOSS ,Other
23076,ICE CREAM SUNDAE LIP GLOSS,Bath & Beauty
23078,ICE CREAM PEN LIP GLOSS ,Stationery & Craft
21770,OPEN CLOSED METAL SIGN,Home Decor
47013C,WINE BOTTLE DRESSING DARK BLUE,Kitchen & Dining
84548,CROCHET BEAR RED/BLUE  KEYRING,Fashion & Accessories
15030,FAN BLACK FRAME ,Home Decor
22985,WRAP BILLBOARD FONTS DESIGN,Stationery & Craft
23159,SET OF 5 PANCAKE DAY MAGNETS,Other
23154,SET OF 4 JAM JAR MAGNETS,Kitchen & Dining
23156,SET OF 5 MINI GROCERY MAGNETS,Other
23155,KNICKERBOCKERGLORY MAGNET ASSORTED ,Other
84569C,PACK 4 FLOWER/BUTTERFLY PATCHES,Garden & Outdoor
23158,SET OF 5 LUCKY CAT MAGNETS ,Other
85145,JARDIN ETCHED GLASS LARGE BELL JAR,Kitchen & Dining
21839,MUMMY MOUSE RED GINGHAM RIBBON,Stationery & Craft
85028S,FRENCH CHATEAU SMALL FRUITBOWL,Other
85028L,FRENCH CHATEAU LARGE FRUIT BOWL ,Kitchen & Dining
AMAZONFEE,AMAZON FEE,Other
85049b,LUSH GREENS RIBBONS,Other
85049d,BRIGHT BLUES RIBBONS ,Other
16156L,WRAP CAROUSEL,Stationery & Craft
84856S,SMALL TAHITI BEACH BAG,Fashion & Accessories
20821,GOLDIE LOOKING MIRROR,Home Decor
84743C,ORANGE FELT VASE + FLOWERS,Home Decor
23157,SET OF 6 NATIVITY MAGNETS ,Other
21614,SET OF 12 ROSE BOTANICAL T-LIGHTS,Candles
84549,CROCHET WHITE RABBIT KEYRING ,Fashion & Accessories
90014C,SILVER/BLACK ORBIT NECKLACE,Fashion & Accessories
35649,VINTAGE BEAD COSMETIC BAG ,Fashion & Accessories
35809B,ENAMEL BLUE RIM TEA CONTAINER,Other
84686,BEACH HUT MIRROR,Home Decor
22286,DECORATION WOBBLY RABBIT METAL ,Other
84576,BLUE CAT BISCUIT BARREL PINK HEART,Other
84228,HEN HOUSE WITH CHICK STANDING,Other
16202E,BLACK PHOTO ALBUM ,Other
79030D,TUMBLER BAROQUE,Other
22287,DECORATION WOBBLY CHICKEN,Other
84877A,PINK ROUND COMPACT MIRROR,Home Decor
84875D,BLUE SQUARE COMPACT MIRROR,Home Decor
23254,CHILDRENS CUTLERY DOLLY GIRL ,Kitchen & Dining
23256,CHILDRENS CUTLERY SPACEBOY ,Kitchen & Dining
90024D,NEW BAROQUE B'FLY NECKLACE PINK,Fashion & Accessories
23255,CHILDRENS CUTLERY CIRCUS PARADE,Kitchen & Dining
79030G,TUMBLER NEW ENGLAND,Other
22039,BOTANICAL LILY GIFT WRAP,Stationery & Craft
90025A,BAROQUE BUTTERFLY EARRINGS BLACK,Other
37487B,YELLOW/ORANGE FLOWER DESIGN PLATE,Kitchen & Dining
S,SAMPLES,Other
23205,CHARLOTTE BAG VINTAGE ALPHABET ,Fashion & Accessories
23201,JUMBO BAG ALPHABET,Fashion & Accessories
23207,LUNCH BAG ALPHABET DESIGN,Fashion & Accessories
23199,JUMBO BAG APPLES,Fashion & Accessories
23206,LUNCH BAG APPLE DESIGN,Fashion & Accessories
23204,CHARLOTTE BAG APPLES DESIGN,Fashion & Accessories
23205,CHARLOTTE BAG ALPHABET  DESIGN,Fashion & Accessories
23256,KIDS CUTLERY SPACEBOY ,Kitchen & Dining
23254,KIDS CUTLERY DOLLY GIRL ,Kitchen & Dining
23208,LUNCH BAG VINTAGE LEAF DESIGN,Fashion & Accessories
84689,S/2 BEACH HUT TREASURE CHESTS,Other
20703,BLUE PADDED SOFT MOBILE,Other
44242B,PINK FEATHERS CURTAIN,Other
PADS,PADS TO MATCH ALL CUSHIONS,Other
85132b,CHARLIE AND LOLA TABLE TINS,Other
84510e,SET OF 4 GREEN CAROUSEL COASTERS,Other
22785,SQUARECUSHION COVER PINK UNION JACK,Other
84731,3 BIRDS CANVAS SCREEN,Home Decor
23065,LARGE DECO JEWELLERY STAND,Other
16202B,PASTEL BLUE PHOTO ALBUM ,Other
23060,HEART BEADED TRELLIS DECORATION,Other
23057,GEMSTONE CHANDELIER T-LIGHT HOLDER,Candles
23253,16 PIECE CUTLERY SET PANTRY DESIGN,Kitchen & Dining
23057,BEADED CHANDELIER T-LIGHT HOLDER,Candles
23348,CHILDRENS TOY COOKING UTENSIL SET,Toys & Kids
90181C,BLACK GLASS/SHELL/PEARL NECKLACE,Kitchen & Dining
23066,SMALL DECO JEWELLERY STAND,Other
23068,ALUMINIUM STAMPED HEART,Other
23075,DOUBLE CERAMIC PARLOUR HOOK,Storage & Organization
23153,ZINC SWEETHEART WIRE LETTER RACK,Other
90036C,"FLOWER GLASS GARLAND NECKL.36""BLUE",Kitchen & Dining
23075,PARLOUR CERAMIC WALL HOOK,Storage & Organization
23073,GEORGIAN TRINKET BOX,Storage & Organization
90135A,ORANGE/FUSCHIA STONES NECKLACE,Fashion & Accessories
90159,COTE D'AZURE NECKLACE,Fashion & Accessories
23146,TRIPLE HOOK ANTIQUE IVORY ROSE,Storage & Organization
23061,VINTAGE EMBOSSED HEART,Other
20823,GOLD WINE GOBLET,Other
20827,GOLD APERITIF GLASS,Kitchen & Dining
23055,IVORY CHANDELIER T-LIGHT HOLDER,Candles
23056,FLOWERS CHANDELIER T-LIGHT HOLDER,Candles
20997,ROSE DU SUD CUSHION COVER ,Home Decor
23140,TRIPLE WIRE HOOK IVORY HEART,Storage & Organization
23141,TRIPLE WIRE HOOK PINK HEART,Storage & Organization
23135,SMALL ZINC HEART WALL ORGANISER,Stationery & Craft
23132,SMALL IVORY HEART WALL ORGANISER,Stationery & Craft
23071,MARIE ANTOIENETT TRINKET BOX GOLD,Storage & Organization
23152,IVORY SWEETHEART WIRE LETTER RACK ,Other
23134,LARGE ZINC HEART WALL ORGANISER,Stationery & Craft
23133,LARGE IVORY HEART WALL ORGANISER,Stationery & Craft
84990,60 GOLD AND SILVER FAIRY CAKE CASES,Kitchen & Dining
23147,SINGLE ANTIQUE ROSE HOOK IVORY,Storage & Organization
23148,MINIATURE ANTIQUE ROSE HOOK IVORY,Storage & Organization
23144,ZINC T-LIGHT HOLDER STARS SMALL,Candles
23142,IVORY WIRE KITCHEN ORGANISER,Stationery & Craft
23136,IVORY WIRE SWEETHEART LETTER TRAY,Kitchen & Dining
23139,SINGLE WIRE HOOK PINK HEART,Storage & Organization
23138,SINGLE WIRE HOOK IVORY HEART,Storage & Organization
23150,IVORY SWEETHEART SOAP DISH,Bath & Beauty
23145,ZINC T-LIGHT HOLDER STAR LARGE,Candles
84906,PINK BUTTERFLY CUSHION COVER,Home Decor
90025B,BAROQUE BUTTERFLY EARRINGS RED,Other
23137,ZINC WIRE SWEETHEART LETTER TRAY,Kitchen & Dining
72024U,LILAC VOTIVE CANDLE,Home Decor
16049,TEATIME GEL PENS ASST,Other
23069,EDWARDIAN PHOTO FRAME,Home Decor
16244B,MAXWELL 2 TONE BLUE 60 PAGE PHOTO A,Other
23131,MISTLETOE HEART WREATH CREAM,Bath & Beauty
23067,HANGING ENGRAVED METAL HEART,Other
47341B,BLUE TABLE RUN FLOWER,Garden & Outdoor
62097B,BLUE STRIPES SHOULDER BAG,Fashion & Accessories
62043B,BLUE CHECK BAG W HANDLE 34X20CM,Fashion & Accessories
90021,LASER CUT MULTI STRAND NECKLACE,Fashion & Accessories
23163,REGENCY SUGAR TONGS,Other
23284,DOORMAT KEEP CALM AND COME IN,Other
23283,DOORMAT VINTAGE LEAVES DESIGN ,Other
23162,REGENCY TEA STRAINER,Other
84016,FLAG OF ST GEORGE CAR FLAG,Other
DCGS0004,HAYNES CAMPER SHOULDER BAG,Fashion & Accessories
20838,FRENCH LATTICE CUSHION COVER ,Home Decor
72811,SMALL ZINC/GLASS CANDLEHOLDER,Kitchen & Dining
20816,GOLD FLOWER CUSHION COVER ,Home Decor
23048,SET OF 10 LANTERNS FAIRY LIGHT STAR,Lighting & Electrical
23042,PAPER LANTERN 7 POINT SNOW STAR,Home Decor
23041,PAPER LANTERN 9 POINT SNOW STAR,Home Decor
23040,PAPER LANTERN 9 POINT SNOW STAR ,Home Decor
23064,CINDERELLA CHANDELIER ,Other
85225,BLING KEY RING STAND,Fashion & Accessories
37471,MULTICOLOUR POLKADOT PLATE,Kitchen & Dining
23130,MISTLETOE HEART WREATH GREEN,Other
84629,WHITE 3 FRAME BIRDS AND TREE ,Home Decor
22987,WRAP SUMMER ROSE DESIGN,Stationery & Craft
20836,FRENCH PAISLEY CUSHION COVER,Home Decor
23160,REGENCY TEA SPOON,Other
23161,REGENCY CAKE FORK,Kitchen & Dining
23164,REGENCY CAKE SLICE,Kitchen & Dining
23149,ANTIQUE IVORY WIRE BOWL SMALL,Kitchen & Dining
23148,MINITURE ANTIQUE ROSE HOOK IVORY,Storage & Organization
84705C,PINK FLOCK PHOTO FRAME ,Home Decor
23143,ZINC WIRE KITCHEN ORGANISER,Stationery & Craft
23299,FOOD COVER WITH BEADS SET 2 ,Other
23298,SPOTTY BUNTING,Other
23070,EDWARDIAN HEART PHOTO FRAME,Home Decor
23151,ZINC SWEETHEART SOAP DISH,Bath & Beauty
90058A,CRYSTAL STUD EARRINGS CLEAR DISPLAY,Other
23040,PAPER LANTERN 9 POINT SNOW STAR,Home Decor
23043,PAPER LANTERN 9 POINT HOLLY STAR 40,Home Decor
23045,PAPER LANTERN 5 POINT STAR MOON 30,Home Decor
23041,PAPER LANTERN 6 POINT SNOW STAR,Home Decor
23298,"BUNTING , SPOTTY ",Other
20964,POLYESTER FILLER PAD 60x40cm,Other
84859B,BLUE DISCO HANDBAG,Other
23202,JUMBO BAG VINTAGE LEAF,Fashion & Accessories
23200,JUMBO BAG PEARS,Fashion & Accessories
23203,JUMBO BAG DOILEY PATTERNS,Fashion & Accessories
23209,LUNCH BAG DOILEY PATTERN ,Fashion & Accessories
23071,MARIE ANTOINETTE TRINKET BOX GOLD,Storage & Organization
23072,MARIE ANTOINETTE TRINKET BOX SILVER,Storage & Organization
23043,PAPER LANTERN 9 POINT HOLLY STAR L,Home Decor
23046,PAPER LANTERN 9 POINT DELUXE STAR,Home Decor
23047,PAPER LANTERN 5 POINT SEQUIN STAR,Home Decor
23044,PAPER LANTERN 9 POINT HOLLY STAR S,Home Decor
23044,PAPER LANTERN 9 POINT HOLLY STAR 23,Home Decor
23047,PAPER LANTERN 5 POINT STUDDED STAR,Home Decor
23299,"FOOD COVER WITH BEADS , SET 2 SIZES",Other
90036A,FLOWER GARLAND NECKLACE RED,Fashion & Accessories
90083,CRYSTAL CZECH CROSS PHONE CHARM,Other
23282,FOLDING BUTTERFLY MIRROR IVORY ,Home Decor
23280,FOLDING BUTTERFLY MIRROR HOT PINK ,Home Decor
23190,BUNDLE OF 3 SCHOOL EXERCISE BOOKS  ,Other
23191,BUNDLE OF 3 RETRO NOTE BOOKS,Other
23192,BUNDLE OF 3 ALPHABET EXERCISE BOOKS,Other
23191,BUNDLE OF 3 RETRO EXERCISE BOOKS,Other
23175,REGENCY MILK JUG PINK ,Kitchen & Dining
23174,REGENCY SUGAR BOWL GREEN,Kitchen & Dining
23173,REGENCY TEAPOT ROSES ,Kitchen & Dining
23172,REGENCY TEA PLATE PINK,Kitchen & Dining
23171,REGENCY TEA PLATE GREEN ,Kitchen & Dining
23170,REGENCY TEA PLATE ROSES ,Kitchen & Dining
23081,GREEN METAL BOX ARMY SUPPLIES,Storage & Organization
23084,RABBIT NIGHT LIGHT,Lighting & Electrical
23281,FOLDING BUTTERFLY MIRROR RED  ,Home Decor
84509g,SET OF 4 FAIRY CAKE PLACEMATS ,Kitchen & Dining
23118,PARISIENNE JEWELLERY DRAWER ,Storage & Organization
23096,PETIT TRAY CHIC,Kitchen & Dining
23091,ZINC HERB GARDEN CONTAINER,Garden & Outdoor
23094,LE GRAND TRAY CHIC SET,Kitchen & Dining
23108,SET OF 10 LED DOLLY LIGHTS,Lighting & Electrical
23080,RED METAL BOX TOP SECRET,Storage & Organization
23081,GREEN METAL BOX TOP SECRET,Storage & Organization
23110,PARISIENNE KEY CABINET ,Storage & Organization
23100,SILVER BELLS TABLE DECORATION,Other
23102,SILVER HEARTS TABLE DECORATION,Other
23061,VINTAGE ENGRAVED HEART,Other
23082,SET 6 PAPER TABLE LANTERN HEARTS ,Home Decor
16151A,FLOWERS HANDBAG blue and orange,Other
23093,SMALL PARISIENNE HEART PHOTO FRAME ,Home Decor
23280,FOLDING MIRROR HOT PINK ,Home Decor
23109,LED TEA LIGHTS,Lighting & Electrical
23103,BELL HEART DECORATION,Other
23068,ALUMINIUM HEART,Other
23056,CRYSTAL CHANDELIER T-LIGHT HOLDER,Candles
23112,PARISIENNE CURIO CABINET,Storage & Organization
23111,PARISIENNE SEWING BOX,Storage & Organization
23079,TOADSTOOL BEDSIDE LIGHT ,Lighting & Electrical
23167,SMALL CERAMIC TOP STORAGE JAR ,Kitchen & Dining
23104,IVORY PANTRY HANGING LAMP ,Lighting & Electrical
23168,CLASSIC SUGAR DISPENSER,Other
23131,MISELTOE HEART WREATH WHITE,Other
23130,MISELTOE HEART WREATH ,Other
23169,CLASSIC GLASS SWEET JAR,Kitchen & Dining
23165,LARGE CERAMIC TOP STORAGE JAR,Kitchen & Dining
23166,MEDIUM CERAMIC TOP STORAGE JAR,Kitchen & Dining
23065,LARGE JEWELLERY STAND,Other
23066,SMALL JEWELLERY STAND,Other
23101,SILVER STARS TABLE DECORATION,Other
23089,GLASS BON BON JAR,Kitchen & Dining
23107,WHITE WIRE PLANT POT HOLDER,Home Decor
23169,CLASSIC GLASS COOKIE JAR,Kitchen & Dining
23168,CLASSIC CAFE SUGAR DISPENSER,Other
23088,ZINC HEART FLOWER T-LIGHT HOLDER,Candles
23103,JINGLE BELL HEART DECORATION,Other
23106,ZINC HEARTS PLANT POT HOLDER,Home Decor
23107,WHITE HEARTS WIRE PLANT POT HOLDER,Home Decor
23087,ZINC  HEART T-LIGHT HOLDER,Candles
23091,METAL HERB GERDEN CONTAINER,Other
23106,ZINC PLANT POT HOLDER,Home Decor
23282,FOLDING MIRROR IVORY ,Home Decor
23281,FOLDING MIRROR RED  ,Home Decor
90035C,"PEARL & SHELL 42""NECKL. IVORY",Other
23083,SET 6 PAPER TABLE LANTERN STARS ,Home Decor
23301,GARDENERS KNEELING PAD KEEP CALM ,Other
23300,GARDENERS KNEELING PAD CUP OF TEA ,Kitchen & Dining
23302,KNEELING MAT HOUSEWORK  DESIGN,Other
47574B,ENGLISH ROSE SCENTED HANGING HEART,Other
23090,VINTAGE GLASS T-LIGHT HOLDER,Candles
23092,LARGE ANTIQUE WHITE PHOTO FRAME,Home Decor
23085,ANTIQUE SILVER BAUBLE LAMP  ,Seasonal & Party
23099,FRENCH CARRIAGE LANTERN,Home Decor
23086,ZINC  STAR T-LIGHT HOLDER ,Candles
84873A,FUNKY FLOWER PICNIC BAG FOR 4,Fashion & Accessories
22179,SET 10 NIGHT OWL LIGHTS,Other
84661a,WHITE SQUARE TABLE CLOCK,Home Decor
23129,HEART SHAPED HOLLY WREATH,Other
90081B,LILY BROOCH WHITE/SILVER COLOUR,Fashion & Accessories
84804B,BLUE DELPHINIUM ARTIFICIAL FLOWER,Garden & Outdoor
23104,IVORY CAFE HANGING LAMP ,Lighting & Electrical
84984B,RED PEONY CUSHION COVER ,Home Decor
84984A,GREEN PEONY CUSHION COVER,Home Decor
90149,SILVER FLOWR PINK SHELL NECKLACE,Fashion & Accessories
23145,ZINC T-LIGHT HOLDER STARS LARGE,Candles
85034a,3 GARDENIA MORRIS BOXED CANDLES,Other
23253,16 PC CUTLERY SET PANTRY DESIGN,Kitchen & Dining
21310,CAPIZ CHANDELIER,Other
90018C,SILVER BLACK ORBIT DROP EARRINGS,Other
23228,FILIGREE HEART BIRD WHITE ,Garden & Outdoor
84596l,BISCUITS SMALL BOWL LIGHT BLUE,Kitchen & Dining
23227,FILIGREE HEART BUTTERFLY WHITE ,Other
23086,ZINC STAR T-LIGHT HOLDER ,Candles
23444,Next Day Carriage,Other
22268,DECORATION SITTING BUNNY,Other
20667,CHERRY BLOSSOM PURSE,Fashion & Accessories
23226,FILIGREE HEART DAISY WHITE,Other
85184C,SET 4 VALENTINE DECOUPAGE HEART BOX,Seasonal & Party
23221,REINDEER HEART DECORATION SILVER,Seasonal & Party
84206C,CHAMPAGNE TRAY BLANK CARD,Kitchen & Dining
23214,JINGLE BELL HEART ANTIQUE GOLD,Other
23215,JINGLE BELL HEART ANTIQUE SILVER,Other
23210,WHITE ROCKING HORSE HAND PAINTED,Other
23213,STAR WREATH DECORATION WITH BELL,Other
23212,HEART WREATH DECORATION WITH BELL,Other
23219,LAUREL STAR ANTIQUE SILVER ,Other
23224,CHERUB HEART DECORATION GOLD,Other
23211,RED ROCKING HORSE HAND PAINTED,Other
23216,LAUREL HEART ANTIQUE GOLD,Other
23217,LAUREL HEART ANTIQUE SILVER,Other
23225,CHERUB HEART DECORATION SILVER ,Other
84660a,WHITE STITCHED WALL CLOCK,Home Decor
22900,SET 2 TEA TOWELS I LOVE LONDON ,Other
23275,SET OF 3 HANGING OWLS OLLIE BEAK,Other
23263,SET OF 3 WOODEN HEART DECORATIONS,Toys & Kids
23045,PAPER LANTERN 5 POINT STAR MOON ,Home Decor
23309,SET OF 60 I LOVE LONDON CAKE CASES ,Kitchen & Dining
23270,SET OF 2 CERAMIC PAINTED HEARTS ,Other
23307,SET OF 60 PANTRY DESIGN CAKE CASES ,Kitchen & Dining
23306,SET OF 36 DOILIES PANTRY DESIGN,Other
23308,SET OF 60 VINTAGE LEAF CAKE CASES ,Kitchen & Dining
23273,HEART T-LIGHT HOLDER WILLIE WINKIE,Candles
23274,STAR T-LIGHT HOLDER WILLIE WINKIE,Candles
90025E,BAROQUE BUTTERFLY EARRINGS MONTANA,Other
22986,WRAP GINGHAM ROSE ,Stationery & Craft
21373,MIRRORED WALL ART SNOWFLAKES,Other
16043,POP ART PUSH DOWN RUBBER ,Other
90102,WHITE FRANGIPANI HAIR CLIP,Fashion & Accessories
23240,SET OF 4 KNICK KNACK TINS DOILEY ,Other
23238,SET OF 4 KNICK KNACK TINS LONDON ,Other
35916B,BLUE FELT HANGING HEART WITH FLOWER,Garden & Outdoor
20901,VINTAGE KEEPSAKE BOX PINK FLOWER,Garden & Outdoor
23243,SET OF TEA COFFEE SUGAR TINS PANTRY,Other
84415A,PINK FLOCK SUEDE CUSHION COVER ,Home Decor
23245,SET OF 3 REGENCY CAKE TINS,Kitchen & Dining
23239,SET OF 4 KNICK KNACK TINS POPPIES,Other
23236,DOILEY STORAGE TIN,Kitchen & Dining
23235,STORAGE TIN VINTAGE LEAF,Kitchen & Dining
23241,TREASURE TIN GYMKHANA DESIGN,Kitchen & Dining
23242,TREASURE TIN BUFFALO BILL ,Kitchen & Dining
23247,BISCUIT TIN 50'S CHRISTMAS,Seasonal & Party
23244,ROUND STORAGE TIN VINTAGE LEAF,Kitchen & Dining
23237,SET OF 4 KNICK KNACK TINS LEAVES ,Other
22950,36 DOILIES VINTAGE CHRISTMAS,Seasonal & Party
82613a,"METAL SIGN,CUPCAKE SINGLE HOOK",Home Decor
35966,FOLKART CHRISTMAS TREE T-LIGHT HOLD,Seasonal & Party
23244,STORAGE TIN VINTAGE LEAF,Kitchen & Dining
23310,BUBBLEGUM RING ASSORTED,Fashion & Accessories
23321,SMALL WHITE HEART OF WICKER,Other
23236,DOILEY BISCUIT TIN,Kitchen & Dining
23220,REINDEER HEART DECORATION GOLD,Seasonal & Party
23264,SET OF 3 WOODEN SLEIGH DECORATIONS,Toys & Kids
23265,SET OF 3 WOODEN TREE DECORATIONS,Seasonal & Party
23266,SET OF 3 WOODEN STOCKING DECORATION,Seasonal & Party
84824,DANISH ROSE UMBRELLA STAND,Fashion & Accessories
22502,PICNIC BASKET WICKER 60 PIECES,Garden & Outdoor
23269,SET OF 2 CERAMIC CHRISTMAS TREES,Seasonal & Party
23268,SET OF 2 CERAMIC CHRISTMAS REINDEER,Seasonal & Party
23252,VINTAGE RED ENAMEL TRIM JUG ,Kitchen & Dining
23322,LARGE WHITE HEART OF WICKER,Other
22197,POPCORN HOLDER,Home Decor
77079,DOLPHIN WINDMILL,Garden & Outdoor
23286,BLUE VINTAGE SPOT BEAKER,Other
23338,EGG FRYING PAN RED ,Other
23285,PINK VINTAGE SPOT BEAKER,Other
23288,GREEN VINTAGE SPOT BEAKER,Other
23343,JUMBO BAG VINTAGE CHRISTMAS ,Seasonal & Party
47310M,SMALL POP BOX FUNKY MONKEY,Storage & Organization
22596,CHRISTMAS STAR WISH LIST CHALKBOARD,Seasonal & Party
90026A,GLASS BEAD HOOP NECKLACE BLACK,Kitchen & Dining
90036B,"FLOWER GLASS GARLAND NECKL.36""GREEN",Kitchen & Dining
90001B,ANTIQUE MID BLUE FLOWER EARRINGS,Garden & Outdoor
23271,CHRISTMAS TABLE CANDLE SILVER SPIKE,Seasonal & Party
23335,EGG FRYING PAN IVORY ,Other
23339,EGG FRYING PAN BLUE ,Other
23336,EGG FRYING PAN PINK ,Other
23337,EGG FRYING PAN MINT ,Other
23292,SPACE BOY CHILDRENS CUP,Kitchen & Dining
23291,DOLLY GIRL CHILDRENS CUP,Kitchen & Dining
23289,DOLLY GIRL CHILDRENS BOWL,Kitchen & Dining
23290,SPACEBOY CHILDRENS BOWL,Kitchen & Dining
23287,RED VINTAGE SPOT BEAKER,Other
23188,VINTAGE  2 METER FOLDING RULER,Stationery & Craft
23235,BISCUIT TIN VINTAGE LEAF,Kitchen & Dining
23244,CANNISTER VINTAGE LEAF DESIGN,Other
23251,VINTAGE RED ENAMEL TRIM MUG ,Kitchen & Dining
23249,VINTAGE RED ENAMEL TRIM PLATE,Kitchen & Dining
23250,VINTAGE RED TRIM ENAMEL BOWL ,Kitchen & Dining
23229,VINTAGE DONKEY TAIL GAME ,Toys & Kids
23234,BISCUIT TIN VINTAGE CHRISTMAS,Seasonal & Party
23012,GLASS APOTHECARY BOTTLE PERFUME,Kitchen & Dining
23014,GLASS APOTHECARY BOTTLE ELIXIR,Kitchen & Dining
23035,DRAWER KNOB CERAMIC IVORY,Storage & Organization
84551,CROCHET DOG KEYRING,Fashion & Accessories
23020,GLASS  SONGBIRD STORAGE JAR,Kitchen & Dining
23032,DRAWER KNOB CRACKLE GLAZE IVORY,Storage & Organization
23028,DRAWER KNOB CRACKLE GLAZE BLUE,Storage & Organization
23031,DRAWER KNOB CRACKLE GLAZE PINK,Storage & Organization
23029,DRAWER KNOB CRACKLE GLAZE GREEN,Storage & Organization
23033,DRAWER KNOB CERAMIC RED,Storage & Organization
23034,DRAWER KNOB CERAMIC BLACK,Storage & Organization
23013,GLASS APOTHECARY BOTTLE TONIC,Kitchen & Dining
23229,DONKEY TAIL GAME ,Toys & Kids
16254,TRANSPARENT ACRYLIC TAPE DISPENSER,Stationery & Craft
23079, TOADSTOOL BEDSIDE LIGHT ,Lighting & Electrical
23344,JUMBO BAG 50'S CHRISTMAS ,Seasonal & Party
23032,DOORKNOB CRACKED GLAZE IVORY,Other
23028,DOORKNOB CRACKED GLAZE BLUE,Other
23022,SMALL BONNE JAM JAR  T-LIGHT HOLDER,Candles
23016,GLASS TWIST BON BON JAR,Kitchen & Dining
23026,DRAWER KNOB VINTAGE GLASS STAR,Kitchen & Dining
23119,PACK OF 6 LARGE FRUIT STRAWS ,Other
23292,SPACEBOY CHILDRENS CUP,Kitchen & Dining
23015,CORDIAL GLASS JUG,Kitchen & Dining
23123,COCKTAIL SWORDS 50 PIECES,Other
23122,PARTY CHARMS 50 PIECES,Seasonal & Party
23120,PACK OF 6 SMALL FRUIT STRAWS,Other
23121,PACK OF 6 COCKTAIL PARASOL STRAWS,Other
23124,18PC WOODEN CUTLERY SET DISPOSABLE,Kitchen & Dining
23125,6PC WOOD PLATE SET DISPOSABLE,Kitchen & Dining
23039,T-LIGHT HOLDER SILVER HEART HANDLE,Candles
23021,GLASS BONNE JAM JAR,Kitchen & Dining
23023,RIDGED BONNE JAM JAR T-LIGHT HOLDER,Candles
84679,CLASSICAL ROSE TABLE LAMP,Lighting & Electrical
23019,SMALL APOTHECARY MEASURING JAR ,Kitchen & Dining
23272,TREE T-LIGHT HOLDER WILLIE WINKIE,Candles
23036,T-LIGHT HOLDER SILVER PETIT FOUR ,Candles
23232,WRAP VINTAGE LEAF DESIGN,Stationery & Craft
23198,PANTRY MAGNETIC  SHOPPING LIST,Other
23027,DRAWER KNOB VINTAGE GLASS HEXAGON,Kitchen & Dining
23024,LARGE BONNE JAM JAR  T-LIGHT HOLDER,Candles
23223,CHRISTMAS TREE HANGING SILVER ,Seasonal & Party
23222,CHRISTMAS TREE HANGING GOLD,Seasonal & Party
23197,SKETCHBOOK MAGNETIC SHOPPING LIST,Other
23196,RETRO LEAVES MAGNETIC NOTEPAD,Other
23267,SET OF 4 SANTA PLACE SETTINGS,Seasonal & Party
23323,WHITE WICKER STAR ,Other
23315,IVORY REFECTORY CLOCK,Home Decor
23316,RED REFECTORY CLOCK ,Home Decor
23342,MINT DINER WALL CLOCK,Home Decor
23341,PINK DINER WALL CLOCK,Home Decor
23196,RETO LEAVES MAGNETIC SHOPPING LIST,Other
23037,CANDLE HOLDER SILVER MADELINE,Home Decor
23197,VEGETABLE MAGNETIC  SHOPPING LIST,Other
23271,CHRISTMAS TABLE SILVER CANDLE SPIKE,Seasonal & Party
90176D,DIAMANTE NECKLACE PURPLE,Fashion & Accessories
23317,BLUE REFECTORY CLOCK ,Home Decor
23017,APOTHECARY MEASURING JAR,Kitchen & Dining
23018,LARGE APOTHECARY MEASURING JAR ,Kitchen & Dining
23031,DOORKNOB CRACKED GLAZE PINK,Other
23029,DOORKNOB CRACKED GLAZE GREEN,Other
23025,DRAWER KNOB VINTAGE GLASS BALL,Kitchen & Dining
23020,GLASS SONGBIRD STORAGE JAR,Kitchen & Dining
84746,PINK EASTER HENS+FLOWER,Seasonal & Party
20622,VIP PASSPORT COVER ,Other
21899,GARAGE KEY FOB,Other
23214,BELL HEART ANTIQUE GOLD,Other
22999,TRAVEL CARD WALLET VINTAGE LEAF,Stationery & Craft
23196,LEAVES MAGNETIC  SHOPPING LIST,Other
23318,BOX OF 6 MINI VINTAGE CRACKERS,Storage & Organization
90025F,BAROQUE BUTTERFLY EARRINGS CRYSTAL,Other
72802a,ROSE SCENT CANDLE IN JEWELLED BOX,Home Decor
81952B,ROUND BLUE CLOCK WITH SUCKER,Home Decor
81952V,ROUND PURPLE CLOCK WITH SUCKER,Home Decor
81950V,FLOWER PURPLE CLOCK WITH SUCKER,Home Decor
81950B,FLOWER BLUE CLOCK WITH SUCKER,Home Decor
23237,SET OF 4 KNICK KNACK TINS LEAF,Other
23320,GIANT 50'S CHRISTMAS CRACKER,Seasonal & Party
23283,DOORMAT VINTAGE LEAF,Other
23574,PACKING CHARGE,Other
23196,VINTAGE LEAF MAGNETIC NOTEPAD,Other
90011C,GREEN CRYSTAL DROP EARRINGS,Other
23319,BOX OF 6 MINI 50'S CRACKERS,Storage & Organization
90043,COPPER AND BRASS BAG CHARM,Fashion & Accessories
90049,IVORY GOLD METAL BAG CHARM,Fashion & Accessories
90046,WHITE WITH METAL BAG CHARM,Fashion & Accessories
90048,GREEN WITH METAL BAG CHARM,Fashion & Accessories
72807c,SET/3 VANILLA SCENTED CANDLE IN BOX,Home Decor
84706F,RED PEONY TABLE CLOCK,Home Decor
44242A,LILAC FEATHERS CURTAIN,Other
35645,VINTAGE BEAD PINK JEWEL BOX,Storage & Organization
23038,T-LIGHT HOLDER SILVER SAUCER,Candles
85036a,GARDENIA 1 WICK MORRIS BOXED CANDLE,Home Decor
23313,VINTAGE CHRISTMAS BUNTING,Seasonal & Party
23296,SET OF 6 TEA TIME BAKING CASES,Kitchen & Dining
23294,SET OF 6 SNACK LOAF BAKING CASES,Kitchen & Dining
23293,SET OF 12 FAIRY CAKE BAKING CASES,Kitchen & Dining
23295,SET OF 12 MINI LOAF BAKING CASES,Kitchen & Dining
23297,SET 40 HEART SHAPE PETIT FOUR CASES,Other
71143,ANTIQUE SILVER BOOK MARK WITH BEADS,Other
90067B,BROWN VINTAGE VICTORIAN EARRINGS,Other
84924F,PSYCHEDELIC METAL SIGN CALENDAR,Home Decor
81953B,ROUND BLUE CLOCK WITH SUCKER,Home Decor
81953P,ROUND ARTICULATED PINK CLOCK W/SUCK,Home Decor
35638B,PINK/BLUE STRING CURTAIN ,Other
23252,ENAMEL JUG PANTRY,Kitchen & Dining
23250,ENAMEL BOWL PANTRY,Kitchen & Dining
23251,ENAMEL MUG PANTRY,Kitchen & Dining
23311,VINTAGE CHRISTMAS STOCKING ,Seasonal & Party
23314,VINTAGE CHRISTMAS TABLECLOTH,Seasonal & Party
90126C,AMBER BERTIE MOBILE PHONE CHARM,Other
90127A,PINK BEADS+HAND PHONE CHARM,Other
23109,PACK OF SIX LED TEA LIGHTS,Lighting & Electrical
23312,VINTAGE CHRISTMAS GIFT SACK,Seasonal & Party
90030A,SPOTTED WHITE NATURAL SEED NECKLACE,Fashion & Accessories
90141E,ORANGE PENDANT TRIPLE SHELL NECKLAC,Other
23550,WRAP ALPHABET POSTER  ,Stationery & Craft
23218,LAUREL STAR ANTIQUE GOLD,Other
37491B,BLUE/YELLOW CERAMIC CANDLE HOLDER,Home Decor
37491C,GREEN/BLUE CERAMIC CANDLE HOLDER,Home Decor
90182A,AMBER 3 BEAD DROP EARRINGS,Other
84402B,PURPLE DRESS JEWELLERY STAND,Other
23549,WRAP BIRD GARDEN ,Stationery & Craft
23546,WRAP PAISLEY PARK ,Stationery & Craft
16162M,THE KING GIFT BAG 25x24x12cm,Fashion & Accessories
84732D,CUTE RABBIT CEATURE SCREEN ,Other
84732B,CUTE BIRD CEATURE SCREEN,Garden & Outdoor
23545,WRAP RED DOILEY,Stationery & Craft
23547,WRAP FLOWER SHOP  ,Stationery & Craft
23548,WRAP MAGIC FOREST ,Stationery & Craft
90130A,WHITE STONE/CRYSTAL EARRINGS,Other
84387A,BIRD ON BRANCH CANVAS SCREEN,Home Decor
16169E,WRAP 50'S  CHRISTMAS,Seasonal & Party
84857B,BLUE MONTE CARLO HANDBAG,Other
23346,SPACEBOY BEAKER,Other
23345, DOLLY GIRL BEAKER,Other
23347,I LOVE LONDON BEAKER,Other
23035,DOORKNOB CERAMIC IVORY,Other
84984D,ORIENTAL RED CUSHION COVER ,Home Decor
79336,LIGHT PINK FLOCK GLASS CANDLEHOLDER,Kitchen & Dining
22407,MONEY BOX FIRST AID DESIGN,Storage & Organization
23340,VINTAGE CHRISTMAS CAKE FRILL,Seasonal & Party
23131,MISELTOE HEART WREATH CREAM,Bath & Beauty
35650,VINTAGE BEAD PINK JEWEL STAND,Other
23360,SET 8 CANDLES VINTAGE DOILEY,Other
23359,SET OF 12 T-LIGHTS VINTAGE DOILEY,Candles
23373,VINTAGE CHRISTMAS PAPER GIFT BAG,Seasonal & Party
23436,GIFT BAG LARGE VINTAGE CHRISTMAS,Seasonal & Party
23353,6 GIFT TAGS VINTAGE CHRISTMAS ,Seasonal & Party
23354,6 GIFT TAGS 50'S CHRISTMAS ,Seasonal & Party
23374,RED SPOT PAPER GIFT BAG,Stationery & Craft
22016,Dotcomgiftshop Gift Voucher £100.00,Other
23438, RED SPOT GIFT BAG LARGE,Fashion & Accessories
23189,SET OF 12 FORK CANDLES,Other
84963B,BLUE PAINTED KASHMIRI CHAIR,Other
23349,ROLL WRAP VINTAGE CHRISTMAS,Seasonal & Party
23350,ROLL WRAP VINTAGE SPOT ,Stationery & Craft
23438,GIFT BAG LARGE SPOT ,Fashion & Accessories
23352,ROLL WRAP 50'S RED CHRISTMAS ,Seasonal & Party
23351,ROLL WRAP 50'S CHRISTMAS,Seasonal & Party
23236,STORAGE TIN VINTAGE DOILEY ,Kitchen & Dining
23203,JUMBO BAG VINTAGE DOILEY ,Fashion & Accessories
23209,LUNCH BAG VINTAGE DOILEY ,Fashion & Accessories
22939,ADULT APRON APPLE DELIGHT,Other
23231,WRAP  VINTAGE DOILEY ,Stationery & Craft
23240,SET OF 4 KNICK KNACK TINS DOILY ,Other
23324,RUSTIC STRAWBERRY JAMPOT LARGE ,Other
90209A,PURPLE ENAMEL+GLASS HAIR COMB,Kitchen & Dining
23203,JUMBO BAG VINTAGE DOILY ,Fashion & Accessories
23209,LUNCH BAG VINTAGE DOILY ,Fashion & Accessories
23360,SET 8 CANDLES VINTAGE DOILY,Other
23236,STORAGE TIN VINTAGE DOILY ,Kitchen & Dining
23332,IVORY WICKER HEART LARGE,Other
23329,DECORATIVE WICKER HEART LARGE,Other
44235,ASSORTED COLOURED CIRCLE MOBILE ,Other
23330,DECORATIVE WICKER HEART MEDIUM,Other
23334,IVORY WICKER HEART SMALL,Other
23333,IVORY WICKER HEART MEDIUM,Other
23328,SET 6 SCHOOL MILK BOTTLES IN CRATE,Storage & Organization
23231,WRAP  VINTAGE DOILY ,Stationery & Craft
23240,SET OF 4 KNICK KNACK TINS  DOILEY ,Other
23331,DECORATIVE WICKER HEART SMALL,Other
23327,HANGING CLEAR MINI BOTTLE,Kitchen & Dining
23359,SET OF 12 T-LIGHTS VINTAGE DOILY,Candles
23326,HANGING MINI COLOURED BOTTLES,Other
23325,RUSTIC STRAWBERRY JAMPOT SMALL,Other
35817P,PINK ACRYLIC JEWEL SNOWFLAKE,Other
35816P,"ACRYLIC JEWEL ANGEL,PINK",Seasonal & Party
23545,WRAP RED VINTAGE DOILY,Stationery & Craft
90052,CRACKED GLAZE NECKLACE BROWN,Fashion & Accessories
23325,RUSTIC STRAWBERRY JAM POT SMALL,Other
35597D,PINK/WHITE CHRISTMAS TREE 30CM,Seasonal & Party
35818B,"ACRYLIC JEWEL ICICLE, BLUE",Other
23324,RUSTIC STRAWBERRY JAM POT LARGE ,Other
23436,VINTAGE CHRISTMAS GIFT BAG LARGE ,Seasonal & Party
23357,HOT WATER BOTTLE SEX BOMB,Kitchen & Dining
23358,HOT STUFF HOT WATER BOTTLE,Kitchen & Dining
23375,50'S CHRISTMAS PAPER GIFT BAG,Seasonal & Party
23356,LOVE HOT WATER BOTTLE,Kitchen & Dining
84206A,3 BLACK CATS W HEARTS BLANK CARD,Stationery & Craft
84201B,HAPPY BIRTHDAY CARD STRIPEY TEDDY,Stationery & Craft
90176E,DIAMANTE NECKLACE GREEN,Fashion & Accessories
23355,HOT WATER BOTTLE KEEP CALM,Kitchen & Dining
23437, 50'S CHRISTMAS GIFT BAG LARGE,Seasonal & Party
23015,CORDIAL JUG,Kitchen & Dining
85184c,SET 4 VALENTINE DECOUPAGE HEART BOX,Seasonal & Party
23445,ICE CREAM BUBBLES,Bath & Beauty
23439,HAND WARMER RED LOVE HEART,Other
23431,NATURAL HANGING QUILTED HEARTS ,Other
23433,HANGING QUILTED PATCHWORK APPLES,Other
84201C,HAPPY BIRTHDAY CARD TEDDY/CAKE,Kitchen & Dining
82486,3 DRAWER ANTIQUE WHITE WOOD CABINET,Storage & Organization
17107D,FLOWER FAIRY 5 DRAWER LINERS,Garden & Outdoor
21507,ELEPHANT BIRTHDAY CARD ,Stationery & Craft
71459,HANGING JAM JAR T-LIGHT HOLDERS,Candles
90020,FILIGREE DIAMANTE CHAIN,Other
22129,PARTY CONES CANDY DECORATION,Seasonal & Party
23432,PRETTY HANGING QUILTED HEARTS,Other
22776,SWEETHEART 3 TIER CAKE STAND ,Kitchen & Dining
23376,PACK OF 12 VINTAGE CHRISTMAS TISSUE,Seasonal & Party
23378,PACK OF 12 50'S CHRISTMAS TISSUES,Seasonal & Party
23551,PACK OF 12 PAISLEY PARK TISSUES ,Other
22466,FAIRY TALE COTTAGE NIGHT LIGHT,Lighting & Electrical
23620,SET 10 CARDS PERFECT POST 17090,Other
23623,SET 10 CARD CHRISTMAS WELCOME 17112,Seasonal & Party
23634,SET 10 CARDS XMAS CHOIR 17068,Seasonal & Party
23342,MINT DINER CLOCK,Home Decor
23396,BUTTERFLY CUSHION COVER,Home Decor
23395,BELLE JARDINIERE CUSHION COVER,Home Decor
23394,POSTE FRANCE CUSHION COVER,Home Decor
23407,SET OF 2 TRAYS HOME SWEET HOME,Other
23393,HOME SWEET HOME CUSHION COVER ,Home Decor
23427,STOOL HOME SWEET HOME ,Other
23397,FOOT STOOL HOME SWEET HOME ,Other
23377,PACK OF 12 DOLLY GIRL TISSUES,Other
23399,HOME SWEET HOME HANGING HEART,Other
23411, TRELLIS COAT RACK,Other
23398,HANGING HEART BONHEUR,Other
23396,LA JARDIN BOTANIQUE CUSHION COVER,Home Decor
23425,STORAGE TIN HOME SWEET HOME,Kitchen & Dining
23414,ZINC BOX SIGN HOME,Home Decor
23424,GINGHAM RECIPE BOOK BOX,Storage & Organization
23404,HOME SWEET HOME BLACKBOARD,Other
23406,HOME SWEET HOME KEY HOLDER,Home Decor
23405,HOME SWEET HOME 2 DRAWER CABINET,Storage & Organization
23379,PACK OF 12 RED APPLE TISSUES,Other
23381,PACK OF 12 VINTAGE LEAF TISSUES ,Other
23380,PACK OF 12 VINTAGE DOILY TISSUES,Other
23402,HOME SWEEET HOME 3 PEG HANGER ,Storage & Organization
23403,LETTER HOLDER HOME SWEET HOME,Home Decor
23437,GIFT BAG LARGE 50'S CHRISTMAS,Seasonal & Party
23426,METAL SIGN DROP YOUR PANTS,Home Decor
23412,HEART MIRROR ANTIQUE WHITE,Home Decor
23392,SPACEBOY ROCKET LOLLY MAKERS,Other
23400,SHELF WITH 4 HOOKS HOME SWEET HOME,Other
23249,ENAMEL DINNER PLATE PANTRY,Kitchen & Dining
23614,SET 10 CARDS 12 DAYS WRAP  17058,Stationery & Craft
23637,SET 10 CARDS OUT OF ORDER 17216,Other
23415,HOME SWEET HOME HOOK,Storage & Organization
23417,BATHROOM HOOK,Storage & Organization
23402,HOME SWEET HOME 3 PEG HANGER ,Storage & Organization
23413,VINTAGE COFFEE GRINDER BOX,Storage & Organization
23409,PHOTO FRAME LINEN AND LACE LARGE,Home Decor
23640,SET 10 CARDS SCOTTIE DOG 17211,Other
23408,PHOTO FRAME LINEN AND LACE SMALL,Home Decor
23401,RUSTIC MIRROR WITH LACE HEART,Home Decor
23422,PANTRY HOOK BALLOON WHISK ,Seasonal & Party
23613,SET 10 XMAS CARDS & BADGES 17070,Seasonal & Party
23646,SET 10 CARDS JINGLE BELLS 16957,Other
23410,CURIO CABINET LINEN AND LACE ,Storage & Organization
23559,WOODLAND BUNNIES LOLLY MAKERS,Other
23423,PANTRY 3 HOOK ROLLING PIN HANGER,Storage & Organization
23421,PANTRY HOOK SPATULA,Storage & Organization
23435,3 RAFFIA RIBBONS VINTAGE CHRISTMAS,Seasonal & Party
23418,LAVENDER TOILETTE BOTTLE,Kitchen & Dining
23419,HOME SWEET HOME BOTTLE ,Kitchen & Dining
23434,3 RAFFIA RIBBONS 50'S CHRISTMAS ,Seasonal & Party
23391, I LOVE LONDON MINI BACKPACK,Other
23390,DOLLY GIRL MINI BACKPACK,Other
23389,SPACEBOY MINI BACKPACK,Other
23074,EMBOSSED HEART TRINKET BOX,Storage & Organization
23388,WOODLAND MINI BACKPACK,Other
23212,PAINTED HEART WREATH WITH BELL,Other
23416,CHAMBRE HOOK,Storage & Organization
23611,SET 10 CARDS RED RIDING HOOD 17214,Other
23607,SET 10 CARDS HATS & STOCKINGS 17081,Other
23058,CHRISTMAS HANGING SNOWFLAKE,Seasonal & Party
23420,PANTRY HOOK TEA STRAINER ,Storage & Organization
23625,SET 6 CARDS SPARKLY REINDEER 17262,Seasonal & Party
23639,SET 10 CARDS MAGICAL TREE 17086,Seasonal & Party
23113,PANTRY CHOPPING BOARD,Kitchen & Dining
35819P,"ACRYLIC HANGING JEWEL,PINK",Other
84805B,BLUE CLIMBING HYDRANGA ART FLOWER,Garden & Outdoor
23396,LE JARDIN BOTANIQUE CUSHION COVER,Home Decor
17107D,FLOWER FAIRY 5 SUMMER DRAW LINERS,Garden & Outdoor
15060b,FAIRY CAKE DESIGN UMBRELLA,Kitchen & Dining
23629,SET 10 CARDS DRESSING UP 17077,Other
23630,SET 10 CARDS HANGING BAUBLES 17080,Other
23503,PLAYING CARDS KEEP CALM & CARRY ON,Other
23366,SET 12 COLOURING PENCILS DOILY,Other
23367,SET 12 COLOUR PENCILS SPACEBOY ,Other
23504,PLAYING CARDS JUBILEE UNION JACK,Other
23371,SET 36 COLOUR PENCILS SPACEBOY ,Other
23506,MINI PLAYING CARDS SPACEBOY ,Other
23502,PLAYING CARDS VINTAGE DOILEY ,Other
23370,SET 36 COLOUR PENCILS DOILEY,Other
23366,SET 12 COLOUR PENCILS DOILEY,Other
23380,PACK OF 12 DOILEY TISSUES,Other
23493,VINTAGE DOILY TRAVEL SEWING KIT,Other
23365,SET 12 COLOUR PENCILS LOVE LONDON,Other
23369,SET 36 COLOUR PENCILS LOVE LONDON,Other
23520,EMBROIDERED RIBBON REEL RUBY ,Stationery & Craft
23511,EMBROIDERED RIBBON REEL EMILY ,Stationery & Craft
23517,EMBROIDERED RIBBON REEL REBECCA ,Stationery & Craft
23370,SET 36 COLOURING PENCILS DOILY,Other
23368,SET 12 COLOUR PENCILS DOLLY GIRL ,Other
23505,PLAYING CARDS I LOVE LONDON ,Other
23372,SET 36 COLOUR PENCILS DOLLY GIRL,Other
23512,EMBROIDERED RIBBON REEL ROSIE,Stationery & Craft
23515,EMBROIDERED RIBBON REEL DAISY ,Stationery & Craft
23514,EMBROIDERED RIBBON REEL SALLY ,Stationery & Craft
23518,EMBROIDERED RIBBON REEL RACHEL ,Stationery & Craft
23510,MINI PLAYING CARDS GYMKHANA,Other
23508,MINI PLAYING CARDS DOLLY GIRL ,Other
23509,MINI PLAYING CARDS FUN FAIR ,Other
23507,MINI PLAYING CARDS BUFFALO BILL ,Other
23513,EMBROIDERED RIBBON REEL SUSIE ,Stationery & Craft
23624,SET 10 CARD PERFECT NATIVITY 17089,Stationery & Craft
20935,ROUND CACTUS CANDLE,Home Decor
23390,DOLLY GIRL MINI RUCKSACK,Other
23389,SPACEBOY MINI RUCKSACK,Other
23502,PLAYING CARDS VINTAGE DOILY ,Other
20678,LARGE BLACK DIAMANTE HAIRSLIDE,Other
23610,SET 10 CARDS CHRISTMAS ROBIN 17095,Seasonal & Party
84247E,PACK OF 12 CHRISTMAS FUN CARDS,Seasonal & Party
23601,SET 10 CARDS SNOWY SNOWDROPS  17100,Other
23632,SET 10 CARDS CHEERFUL ROBIN 17065,Other
23516,EMBROIDERED RIBBON REEL SOPHIE  ,Stationery & Craft
23519,EMBROIDERED RIBBON REEL CLAIRE,Stationery & Craft
23494,VINTAGE DOILY DELUXE SEWING KIT ,Other
23638,SET 10 CARDS ROBIN WATERPUMP  17096,Other
23650,SET 10 CARDS FILIGREE BAUBLE 16961,Seasonal & Party
79051A,SMOKEY GREY COLOUR GLASS,Kitchen & Dining
23461,SWEETHEART BIRD HOUSE,Garden & Outdoor
23466,TUSCAN VILLA DOVECOTE,Other
23469,CARD HOLDER LOVE BIRD SMALL,Home Decor
23484,HEART TRELLISTRIPLE T-LIGHT HOLDER,Candles
23114,VINTAGE LEAF CHOPPING BOARD  ,Kitchen & Dining
23117,POPPY FIELDS CHOPPING BOARD,Kitchen & Dining
23115,RED APPLES CHOPPING BOARD   ,Kitchen & Dining
23471,SIX DRAWER OFFICE TIDY,Storage & Organization
23116,VEGETABLE GARDEN CHOPPING BOARD,Kitchen & Dining
23644,SET 10 CARDS CHRISTMAS TREE 16955,Seasonal & Party
23472, NINE DRAWER OFFICE TIDY,Storage & Organization
23470,CARD HOLDER LOVE BIRD LARGE ,Home Decor
23524,HORSE & PONY WALL ART,Other
23535,BICYCLE SAFTEY WALL ART,Other
23534,STOP FOR TEA WALL ART,Other
23541,WALL ART CLASSIC PUDDINGS ,Other
23525,BUFFALO BILL WALL ART ,Other
23532,WALL ART WORK REST AND PLAY  ,Other
23539,WALL ART LOVES' SECRET ,Other
23522,DOG AND BALL WALL ART,Other
23526,DOG LICENCE WALL ART,Other
23533,WALL ART GARDEN HAVEN ,Garden & Outdoor
23542,70'S ALPHABET WALL ART,Other
23528,SPACEBOY WALL ART,Other
23543,KEEP CALM WALL ART ,Other
23530,WALL ART ONLY ONE PERSON ,Other
23538,WALL ART VINTAGE HEART,Other
23521,CAT AND BIRD WALL ART,Garden & Outdoor
23523,TREASURE AHOY WALL ART,Other
23531,WALL ART BIG LOVE ,Other
23527,ANIMALS AND NATURE WALL ART,Other
23483,HANGING  BUTTERFLY T-LIGHT HOLDER,Candles
23529,DOLLY GIRL WALL ART,Other
23536,VILLAGE SHOW WALL ART,Other
23544,WALL ART MID CENTURY MODERN ,Other
23540,WALL ART THE MAGIC FOREST ,Other
23537,I LOVE LONDON WALL ART,Other
23543,WALL ART KEEP CALM ,Other
23535,WALL ART BICYCLE SAFTEY ,Other
23525,WALL ART BUFFALO BILL ,Other
23536,WALL ART VILLAGE SHOW ,Other
23534,WALL ART STOP FOR TEA ,Other
23526,WALL ART DOG LICENCE ,Other
23528,WALL ART SPACEBOY,Other
23604,SET 10 MINI SANTA & SNOWMAN  17087,Seasonal & Party
23626,SET 10 CARDS DINKY TREE 17076,Seasonal & Party
23537,WALL ART I LOVE LONDON ,Other
23542,WALL ART 70'S ALPHABET ,Other
23500,KEY RING BASEBALL BOOT ASSORTED ,Fashion & Accessories
23524,WALL ART HORSE & PONY ,Other
23527,WALL ART ANIMALS AND NATURE ,Other
85185B,PINK HORSE SOCK PUPPET KIT,Other
23484,HEART TRELLIS TRIPLE T-LIGHT HOLDER,Candles
23521,WALL ART CAT AND BIRD ,Garden & Outdoor
23465,TUSCAN VILLA FEEDING STATION,Other
23501,KEY RING BASEBALL BOOT UNION JACK,Fashion & Accessories
23535,WALL ART BICYCLE SAFETY,Other
23529,WALL ART DOLLY GIRL ,Other
23605,SET 10 CARDS 12 DAYS OF XMAS 17059,Seasonal & Party
23619,SET 10 CARDS POINSETTIA 17093,Other
23635,SET 10 CARDS CHRISTMAS HOLLY  17259,Seasonal & Party
23391, I LOVE LONDON MINI RUCKSACK,Other
23370,SET 36 COLOURING PENCILS DOILEY,Other
23366,SET 12 COLOURING PENCILS DOILEY,Other
23388,WOODLAND MINI RUCKSACK ,Other
23522,WALL ART DOG AND BALL ,Other
23539,"WALL ART , LOVES' SECRET ",Other
23530,"WALL ART,ONLY ONE PERSON ",Other
23541,"WALL ART ,PUDDINGS ",Other
23612,SET 10 MINICARDS CUTE SNOWMAN 17071,Seasonal & Party
23468,TUSCAN VILLA BIRD TABLE ,Garden & Outdoor
23188,VINTAGE  2 METRE FOLDING RULER,Stationery & Craft
82600,N0 SINGING METAL SIGN,Home Decor
79157V,UBO-LIGHT TRIOBASE PURPLE,Lighting & Electrical
90189A,SILVER 2 STRAND NECKLACE-LEAF CHARM,Fashion & Accessories
90014A,SILVER M.O.P. ORBIT NECKLACE,Fashion & Accessories
90014B,GOLD M.O.P. ORBIT NECKLACE,Fashion & Accessories
23466,TUSCAN VILLA DOVECOTE BIRD FEEDER,Garden & Outdoor
23540,"WALL ART , THE MAGIC FOREST ",Other
23448,CREAM BUNNY EASTER EGG BASKET,Seasonal & Party
23447,PINK BUNNY EASTER EGG BASKET,Seasonal & Party
23446,BLUE BUNNY EASTER EGG BASKET,Seasonal & Party
23523,WALL ART TREASURE AHOY ,Other
85115B,S/4 BLACK DISCO PARTITION PANEL,Other
90065B,BLACK VINT ART DEC CRYSTAL BRACELET,Fashion & Accessories
23382,BOX OF 6 CHRISTMAS CAKE DECORATIONS,Seasonal & Party
23660,HENRIETTA HEN MUG ,Kitchen & Dining
23661,MILK MAIDS MUG ,Kitchen & Dining
23564,EGG CUP MILKMAID INGRID,Kitchen & Dining
22804,PINK HANGING HEART T-LIGHT HOLDER,Candles
23567,EGG CUP HENRIETTA HEN PINK,Kitchen & Dining
23487,SWEET HEART CAKE CARRIER,Kitchen & Dining
23490,T-LIGHT HOLDER HANGING LOVE BIRD,Candles
23453,OVAL  MINI PORTRAIT FRAME,Home Decor
23452,HEART MINI PORTRAIT FRAME,Home Decor
23451,SQUARE MINI PORTRAIT FRAME,Home Decor
23482,PEARLISED IVORY HEART LARGE ,Other
23603,SET 10 CARD KRAFT REINDEER 17084,Stationery & Craft
23459,DOLLY CABINET 2 DRAWERS ,Storage & Organization
23565,EGG CUP MILKMAID HELGA ,Kitchen & Dining
23456,MEDIUM PARLOUR PICTURE FRAME ,Home Decor
23463,VINTAGE ZINC WATERING CAN,Garden & Outdoor
23464,VINTAGE ZINC WATERING CAN SMALL,Garden & Outdoor
23457,LARGE PARLOUR PICTURE FRAME,Home Decor
23455,SMALL PARLOUR PICTURE FRAME,Home Decor
23568,EGG CUP HENRIETTA HEN CREAM ,Kitchen & Dining
84661b,BLACK SQUARE TABLE CLOCK,Home Decor
23566,EGG CUP MILKMAID HEIDI,Kitchen & Dining
23467,VINTAGE ZINC PLANTER  ,Other
23479,WIRE EGG BASKET ,Storage & Organization
23481,PEARLISED IVORY HEART SMALL ,Other
23458,DOLLY CABINET 3 DRAWERS ,Storage & Organization
23579,SNACK TRAY I LOVE LONDON,Kitchen & Dining
23413,DECROTIVEVINTAGE COFFEE GRINDER BOX,Storage & Organization
23702,High Resolution Image,Other
23558,LANDMARK FRAME LONDON BRIDGE ,Home Decor
23556,LANDMARK FRAME COVENT GARDEN ,Home Decor
23554,LANDMARK FRAME OXFORD STREET,Home Decor
23557,LANDMARK FRAME BAKER STREET ,Home Decor
23555,LANDMARK FRAME NOTTING HILL ,Home Decor
23480,MINI LIGHTS WOODLAND MUSHROOMS,Other
23553,LANDMARK FRAME CAMDEN TOWN ,Home Decor
23489,"GARLAND, VINTAGE BELLS",Other
23491,VINTAGE JINGLE BELLS HEART,Other
23492,VINTAGE JINGLE BELLS WREATH,Other
23477,WOODLAND LARGE BLUE FELT HEART,Other
23478,WOODLAND LARGE PINK FELT HEART,Other
23476,WOODLAND LARGE RED FELT HEART,Other
23486,ANTIQUE HEART SHELF UNIT,Other
23473,WOODLAND SMALL RED FELT HEART,Other
23460,SWEETHEART WALL TIDY ,Storage & Organization
23462,ROCOCO WALL MIRROR WHITE,Home Decor
23499,SET 12 VINTAGE DOILY CHALK ,Other
23485,BOTANICAL GARDENS WALL CLOCK ,Home Decor
23489,VINTAGE BELLS GARLAND,Other
23462,ROCOCO WALL MIROR,Other
23570,TRADITIONAL PICK UP STICKS GAME ,Toys & Kids
23454,SET OF 3 MINI HANGING PORTRAITS,Other
23571,TRADITIONAL NAUGHTS & CROSSES,Other
23569,TRADTIONAL ALPHABET STAMP SET,Other
23305,SET 4 PICNIC CUTLERY BLUEBERRY,Kitchen & Dining
23454,THREE MINI HANGING FRAMES,Other
23474,WOODLAND SMALL BLUE FELT HEART,Other
23636,SET 10 CARDS WISHING TREE 17116,Seasonal & Party
21232,STRAWBERRY CERAMIC TRINKET POT,Other
23582,VINTAGE DOILY JUMBO BAG RED ,Fashion & Accessories
23583,LUNCH BAG PAISLEY PARK  ,Fashion & Accessories
23581,JUMBO BAG PAISLEY PARK,Fashion & Accessories
79157B,UBO-LIGHT TRIOBASE BLUE,Lighting & Electrical
22950,SET OF 36 VINTAGE CHRISTMAS DOILIES,Seasonal & Party
22416,SET OF 36 SPACEBOY PAPER DOILIES,Stationery & Craft
22949,SET OF 36 DOLLY GIRL PAPER DOILIES,Stationery & Craft
23413,DECORATIVE VINTAGE COFFEE  BOX,Storage & Organization
23306,SET OF 36 PANTRY PAPER DOILIES,Stationery & Craft
23303,SET 4 PICNIC CUTLERY FONDANT,Kitchen & Dining
23475,WOODLAND SMALL PINK FELT HEART,Other
23615,SET 10 CARDS PRINTED GRAPHIC 17219,Other
23645,SET 10 CHRISTMAS CARDS HOHOHO 16956,Seasonal & Party
23654,SET 10 CARD SNOWMAN 16965,Stationery & Craft
82001S,SILVER RECORD COVER FRAME,Home Decor
23497,CLASSIC CHROME BICYCLE BELL ,Other
23304,SET 4 PICNIC CUTLERY CHERRY ,Kitchen & Dining
23495,SET OF 3 PANTRY WOODEN SPOONS,Toys & Kids
23496,PANTRY KITCHEN THERMOMETER ,Garden & Outdoor
82001s,SILVER RECORD COVER FRAME,Home Decor
23628,SET 10 CARDS TRIANGLE ICONS  17220,Other
23633,SET 10 CARDS WORLD CHILDREN 17067,Other
23643,SET 10 CARDS CHRISTMAS BAUBLE 16954,Seasonal & Party
46776a,WOVEN BUBBLE GUM CUSHION COVER,Home Decor
46776b,WOVEN BERRIES CUSHION COVER ,Home Decor
46776e,WOVEN CANDY CUSHION COVER ,Home Decor
46776f,WOVEN ROSE GARDEN CUSHION COVER ,Home Decor
47593b,SCOTTIE DOGS BABY BIB,Other
51014c,"FEATHER PEN,COAL BLACK",Stationery & Craft
84031a,CHARLIE+LOLA RED HOT WATER BOTTLE ,Kitchen & Dining
84031b,CHARLIE LOLA BLUE HOT WATER BOTTLE ,Kitchen & Dining
90183c,BLACK DROP EARRINGS W LONG BEADS,Other
90184c,BLACK CHUNKY BEAD BRACELET W STRAP,Fashion & Accessories
47016,LIGHT DECORATION BATTERY OPERATED,Lighting & Electrical
23691,KEEP CALM BIRTHDAY WRAP,Stationery & Craft
90069,RUBY GLASS CLUSTER NECKLACE,Kitchen & Dining
23691,WRAP KEEP CALM BIRTHDAY,Stationery & Craft
23608,SET 10 CARDS RUDOLPHS NOSE 17097,Other
23681,LUNCH BAG RED VINTAGE DOILY,Fashion & Accessories
72783,BLACK SIL'T SQU CANDLE PLATE ,Home Decor
90162A,ANT SILVER TURQUOISE BOUDICCA RING,Fashion & Accessories
21243,PINK POLKADOT PLATE ,Kitchen & Dining
79161A,ST GEORGE SET OF 10 PARTY LIGHTS,Seasonal & Party
23692,WRAP A PRETTY THANK YOU,Stationery & Craft
23497,CLASSIC CROME BICYCLE BELL ,Other
23695,DOILY THANK YOU CARD,Stationery & Craft
23697,A PRETTY THANK YOU CARD,Stationery & Craft
23616,SET 10 CARDS JINGLE BELLS 17217,Other
23465,TUSCAN VILLA BIRD FEEDER,Garden & Outdoor
23598,PAPER BUNTING VINTAGE PARTY,Stationery & Craft
23597,PAPER BUNTING PAISLEY PARK,Stationery & Craft
23621,SET 10 CARDS DAVID'S MADONNA 17074,Other
23627,SET 10 CARDS XMAS GRAPHIC  17218,Seasonal & Party
23457,LARGE PARLOUR FRAME,Home Decor
23456,MEDIUM PARLOUR FRAME ,Home Decor
23455,SMALL PARLOUR FRAME,Home Decor
23602,SET 10 CARDS 3 WISE MEN 17107,Other
23664,FLOWER SHOP DESIGN MUG,Kitchen & Dining
17191A,ROSE FLOWER CANDLE+INCENSE 16X16CM,Home Decor
35598C,WHITE CHRISTMAS TREE 60CM,Seasonal & Party
23694,PAISLEY PARK CARD,Stationery & Craft
22812,PACK 3 BOXES CHRISTMAS PANETTONE,Seasonal & Party
22584,PACK OF 6 PANETTONE GIFT BOXES,Other
22813,PACK 3 BOXES BIRD PANETTONE ,Garden & Outdoor
71477,COLOURED GLASS STAR T-LIGHT HOLDER,Candles
23649,SET 10 CARDS DECK THE HALLS 16960,Other
23442,12 HANGING EGGS HAND PAINTED,Other
23449,SET OF 6 EASTER RAINBOW CHICKS,Seasonal & Party
35598A,DUSTY PINK CHRISTMAS TREE 60CM,Seasonal & Party
23428,IVORY RETRO KITCHEN WALL CLOCK,Home Decor
23652,SET 10 CARD CHRISTMAS STAMPS 16963,Seasonal & Party
71053,WHITE MOROCCAN METAL LANTERN,Home Decor
84206B,CAT WITH SUNGLASSES BLANK CARD,Stationery & Craft
23430,BLUE RETRO KITCHEN WALL CLOCK,Home Decor
23429,RED RETRO KITCHEN WALL CLOCK,Home Decor
90179B,PURPLE FINE BEAD NECKLACE W TASSEL,Fashion & Accessories
23441,HAND PAINTED HANGING EASTER EGG,Seasonal & Party
72802c,VANILLA SCENT CANDLE JEWELLED BOX,Home Decor
85049c,ROMANTIC PINKS RIBBONS ,Other
23440,PAINT YOUR OWN EGGS IN CRATE,Storage & Organization
23552,BICYCLE PUNCTURE REPAIR KIT ,Other
23498,CLASSIC BICYCLE CLIPS ,Other
84550,CROCHET LILAC/RED BEAR KEYRING,Fashion & Accessories
90014C,SILVER AND BLACK ORBIT NECKLACE,Fashion & Accessories
84971l,LARGE HEART FLOWERS HOOK   ,Storage & Organization
85034b,3 WHITE CHOC MORRIS BOXED CANDLES,Other
21175,GIN AND TONIC DIET METAL SIGN,Home Decor
23578,SNACK TRAY RED GINGHAM,Kitchen & Dining
23580,SNACK TRAY HAPPY FOREST  ,Kitchen & Dining
23575,SNACK TRAY PAISLEY PARK,Kitchen & Dining
23560,SET OF 6 RIBBONS COUNTRY STYLE,Other
23576,SNACK TRAY RED VINTAGE DOILY,Kitchen & Dining
23562,SET OF 6 RIBBONS PERFECTLY PRETTY  ,Other
23561,SET OF 6 RIBBONS PARTY,Seasonal & Party
23609,SET 10 CARDS SNOWY ROBIN 17099,Other
85179a,GREEN BITTY LIGHT CHAIN,Lighting & Electrical
23617,SET 10 CARDS SWIRLY XMAS TREE 17104,Seasonal & Party
90214U,"LETTER ""U"" BLING KEY RING",Fashion & Accessories
47591b,SCOTTIES CHILDRENS APRON,Other
85123A,CREAM HANGING HEART T-LIGHT HOLDER,Candles
